epoch,train_total_loss,train_ce_loss,train_aux_loss,train_acc,val_acc,val_macro_f1,lr,patience_left,common_loss,orth_loss,recon_loss,common_sim,private_sim,c_norm,pt_norm,pv_norm,cp_overlap_t,cp_overlap_v
1,3.219574,3.087293,0.132281,0.043687,0.329334,0.024774,0.001000,30,0.791267,0.000052,0.388184,0.208733,0.016784,3.520765,4.180572,4.007141,0.004351,0.005779
2,2.549480,2.427474,0.122006,0.329301,0.329334,0.024774,0.001000,30,0.566019,0.000032,0.368951,0.433981,-0.076649,4.103515,4.438894,4.691772,0.002890,0.004852
3,2.480460,2.365776,0.114684,0.324003,0.329334,0.024774,0.001000,29,0.393867,0.000023,0.356022,0.606133,-0.082691,4.647364,4.918815,4.967040,0.002251,0.004186
4,2.398873,2.299321,0.099552,0.328002,0.329334,0.024774,0.001000,28,0.311552,0.000026,0.311069,0.688448,-0.076460,4.937103,5.053312,5.020149,0.002013,0.004658
5,2.358809,2.277054,0.081755,0.329401,0.329334,0.024774,0.001000,27,0.266970,0.000045,0.254717,0.733030,-0.065736,5.083197,5.146124,4.937013,0.002017,0.006428
6,2.309412,2.243712,0.065700,0.330301,0.386023,0.062766,0.001000,26,0.245328,0.000106,0.202643,0.754672,-0.060333,5.177321,5.252569,4.760890,0.002215,0.010043
7,2.241985,2.187234,0.054751,0.375387,0.392921,0.064872,0.001000,30,0.247236,0.000264,0.166011,0.752764,-0.058475,5.208552,5.356857,4.558483,0.002622,0.016037
8,2.172493,2.122688,0.049804,0.396081,0.391722,0.064004,0.001000,30,0.270506,0.000586,0.147961,0.729494,-0.061444,5.159482,5.426847,4.420702,0.003252,0.023989
9,2.120547,2.071856,0.048691,0.395581,0.398920,0.073369,0.001000,29,0.310740,0.001005,0.141553,0.689260,-0.067941,5.021152,5.430990,4.485124,0.004229,0.031425
10,2.078804,2.031323,0.047481,0.403079,0.417516,0.097351,0.001000,30,0.351106,0.001406,0.134816,0.648894,-0.053976,4.861327,5.377948,4.603610,0.005582,0.037077
11,2.049867,2.005018,0.044848,0.418374,0.421716,0.091764,0.001000,30,0.376277,0.001823,0.124348,0.623723,-0.035967,4.724875,5.270778,4.630661,0.007388,0.042058
12,2.015941,1.973436,0.042505,0.420974,0.427714,0.100792,0.001000,30,0.389982,0.002134,0.115614,0.610018,-0.044558,4.616293,5.110139,4.659535,0.009274,0.045251
13,1.981954,1.941307,0.040647,0.425872,0.433113,0.114264,0.001000,30,0.390225,0.002311,0.109398,0.609775,-0.037224,4.564495,4.915954,4.681268,0.011572,0.046656
14,1.951121,1.911721,0.039400,0.436269,0.447810,0.115233,0.001000,30,0.374347,0.002305,0.106300,0.625653,-0.023499,4.613424,4.776190,4.719608,0.013621,0.046036
15,1.919712,1.881441,0.038272,0.443667,0.441512,0.130250,0.001000,30,0.364565,0.002155,0.103196,0.635435,-0.019300,4.643502,4.697412,4.769721,0.015513,0.043754
16,1.889631,1.853525,0.036106,0.443467,0.458908,0.124606,0.001000,29,0.370077,0.002132,0.095609,0.629923,-0.009626,4.597053,4.609758,4.694257,0.017534,0.042713
17,1.857753,1.823252,0.034500,0.454364,0.456809,0.137592,0.001000,30,0.364756,0.001949,0.090619,0.635244,-0.007708,4.594664,4.607926,4.739760,0.018778,0.039960
18,1.829421,1.796396,0.033026,0.456163,0.461308,0.135184,0.001000,29,0.357743,0.001885,0.086174,0.642257,0.005856,4.613991,4.581660,4.663037,0.019696,0.038693
19,1.795387,1.763522,0.031865,0.461062,0.466407,0.142470,0.001000,30,0.344460,0.001768,0.083194,0.655540,-0.008023,4.652459,4.488776,4.666933,0.020336,0.036803
20,1.771068,1.740131,0.030938,0.468459,0.469706,0.146814,0.001000,30,0.333389,0.001705,0.080842,0.666611,-0.005815,4.687800,4.508355,4.624168,0.019998,0.036131
21,1.741451,1.711545,0.029906,0.473558,0.475705,0.149815,0.001000,30,0.322640,0.001658,0.078123,0.677360,-0.003256,4.717541,4.553293,4.590302,0.019893,0.035531
22,1.716067,1.687346,0.028721,0.476057,0.463107,0.168727,0.001000,30,0.311278,0.001587,0.074932,0.688722,-0.015244,4.741760,4.511736,4.579595,0.019805,0.034568
23,1.693057,1.665444,0.027613,0.477357,0.482603,0.149029,0.001000,29,0.304518,0.001566,0.071689,0.695482,-0.009897,4.756496,4.506680,4.520204,0.020182,0.034038
24,1.678644,1.651648,0.026996,0.479156,0.463707,0.187831,0.001000,30,0.293682,0.001476,0.070358,0.706318,-0.003418,4.789433,4.510384,4.505105,0.020307,0.032616
25,1.654288,1.627797,0.026491,0.485054,0.486803,0.173598,0.001000,29,0.301716,0.001519,0.068138,0.698284,-0.000339,4.754168,4.522657,4.469862,0.021175,0.032723
26,1.629591,1.603588,0.026003,0.491353,0.491002,0.198090,0.001000,30,0.293885,0.001460,0.067035,0.706115,0.007987,4.785483,4.539553,4.470436,0.021768,0.031407
27,1.593884,1.568511,0.025373,0.499650,0.480804,0.231061,0.001000,30,0.294326,0.001435,0.064906,0.705674,0.007318,4.777310,4.531474,4.446676,0.021725,0.031037
28,1.588092,1.563358,0.024734,0.501949,0.492801,0.203530,0.001000,29,0.300965,0.001402,0.062336,0.699035,0.016165,4.742215,4.568818,4.419252,0.021294,0.030799
29,1.571414,1.547172,0.024242,0.497851,0.501500,0.239990,0.001000,30,0.296276,0.001312,0.061010,0.703724,0.021275,4.746992,4.590370,4.426167,0.020553,0.029819
30,1.545076,1.521177,0.023899,0.509347,0.491602,0.256741,0.001000,30,0.298814,0.001289,0.059701,0.701186,0.004443,4.718501,4.601234,4.431908,0.019590,0.030091
31,1.528158,1.504578,0.023580,0.512546,0.497900,0.227724,0.001000,29,0.298459,0.001267,0.058661,0.701541,0.011404,4.708214,4.639893,4.409506,0.018939,0.030142
32,1.515045,1.492024,0.023021,0.512946,0.502999,0.262197,0.001000,28,0.286864,0.001203,0.057571,0.713136,0.020621,4.744972,4.654552,4.416484,0.018422,0.029379
33,1.489221,1.466378,0.022843,0.523643,0.502699,0.272657,0.001000,30,0.290733,0.001222,0.056720,0.709267,0.015433,4.726408,4.667284,4.415968,0.018242,0.029825
34,1.476076,1.453540,0.022535,0.528042,0.501800,0.245614,0.001000,29,0.289322,0.001235,0.055789,0.710678,0.012923,4.718968,4.695055,4.422157,0.018342,0.029974
35,1.460162,1.438123,0.022039,0.528242,0.508098,0.278452,0.001000,28,0.282168,0.001215,0.054612,0.717832,0.017038,4.737392,4.733997,4.452317,0.018380,0.029614
36,1.439648,1.417741,0.021907,0.539838,0.514997,0.302686,0.001000,30,0.288336,0.001250,0.053760,0.711664,0.022536,4.708840,4.763948,4.447237,0.018743,0.029973
37,1.423642,1.401913,0.021729,0.540938,0.509598,0.276905,0.001000,30,0.288098,0.001244,0.053184,0.711902,0.017451,4.706346,4.729343,4.441854,0.018978,0.029730
38,1.415159,1.393787,0.021372,0.545936,0.514097,0.293331,0.001000,29,0.278808,0.001190,0.052613,0.721192,0.011838,4.739095,4.728601,4.465813,0.018415,0.029169
39,1.394618,1.373318,0.021300,0.546736,0.518596,0.311183,0.001000,28,0.282409,0.001198,0.052132,0.717591,0.021604,4.728961,4.792320,4.477875,0.017965,0.029589
40,1.366477,1.345234,0.021242,0.557933,0.518596,0.317020,0.001000,30,0.286706,0.001184,0.051655,0.713294,0.019464,4.708136,4.780217,4.470845,0.018002,0.029324
41,1.365874,1.344961,0.020913,0.554934,0.515897,0.340089,0.001000,29,0.279159,0.001126,0.051062,0.720841,0.004051,4.732862,4.723678,4.474328,0.017738,0.028481
42,1.345851,1.325011,0.020839,0.563131,0.525195,0.308234,0.001000,28,0.280737,0.001120,0.050711,0.719263,0.010384,4.737639,4.790890,4.467669,0.017237,0.028692
43,1.339616,1.318997,0.020620,0.557033,0.519796,0.341066,0.001000,30,0.274673,0.001083,0.050385,0.725327,0.002185,4.779099,4.802132,4.508466,0.016632,0.028395
44,1.320811,1.300214,0.020597,0.570929,0.530294,0.356416,0.001000,29,0.276419,0.001070,0.050193,0.723581,0.006771,4.766521,4.782920,4.465642,0.017015,0.027930
45,1.307113,1.286600,0.020513,0.573028,0.529994,0.336579,0.001000,30,0.274145,0.001072,0.050065,0.725855,-0.016563,4.797221,4.746769,4.473917,0.017245,0.027840
46,1.282664,1.262246,0.020418,0.580526,0.532993,0.346599,0.001000,29,0.271088,0.001064,0.049952,0.728912,-0.005585,4.816000,4.836793,4.484779,0.017153,0.027742
47,1.268329,1.247929,0.020399,0.583125,0.538692,0.369983,0.001000,30,0.270271,0.001069,0.049944,0.729729,-0.005305,4.826900,4.859257,4.486392,0.017251,0.027778
48,1.259368,1.238994,0.020374,0.591023,0.528794,0.367486,0.001000,30,0.268526,0.001053,0.049975,0.731474,-0.017578,4.844464,4.807231,4.485332,0.017462,0.027343
49,1.231602,1.211172,0.020430,0.598221,0.531494,0.333238,0.001000,29,0.265717,0.001016,0.050350,0.734283,-0.005265,4.859181,4.846523,4.449833,0.017023,0.026947
50,1.232997,1.212655,0.020342,0.594122,0.522496,0.377944,0.001000,28,0.257958,0.000993,0.050578,0.742042,-0.014156,4.919828,4.863452,4.489471,0.016787,0.026660
51,1.221091,1.200505,0.020586,0.601719,0.525495,0.346064,0.001000,27,0.265832,0.001010,0.050866,0.734168,-0.015207,4.877696,4.862306,4.459600,0.017177,0.026746
52,1.225123,1.204549,0.020574,0.591623,0.527295,0.388773,0.001000,26,0.259760,0.000988,0.051230,0.740240,-0.017834,4.920040,4.807137,4.481941,0.017536,0.026081
53,1.203622,1.182697,0.020925,0.600820,0.538392,0.362818,0.001000,25,0.267241,0.001025,0.051901,0.732759,-0.005235,4.896008,4.906435,4.466394,0.017747,0.026653
54,1.174651,1.153750,0.020901,0.610017,0.537792,0.381153,0.001000,24,0.257999,0.000994,0.052436,0.742001,-0.017059,4.957968,4.886049,4.490914,0.017766,0.026051
55,1.150811,1.129563,0.021247,0.618514,0.535693,0.421849,0.001000,23,0.264520,0.001014,0.053156,0.735480,-0.011914,4.935113,4.869946,4.480098,0.018371,0.026018
56,1.151123,1.129255,0.021868,0.625912,0.540192,0.367817,0.001000,22,0.276987,0.001044,0.054392,0.723013,-0.003094,4.886721,4.918450,4.477161,0.018389,0.026567
57,1.130207,1.108449,0.021758,0.623713,0.542292,0.374168,0.001000,30,0.260951,0.001001,0.055098,0.739049,-0.017367,4.982370,4.915714,4.523689,0.017891,0.026096
58,1.116154,1.094080,0.022074,0.630511,0.538092,0.428628,0.001000,30,0.261513,0.000973,0.056112,0.738487,-0.020857,4.987511,4.914524,4.503688,0.017610,0.025755
59,1.101955,1.079154,0.022801,0.638508,0.542292,0.390210,0.001000,29,0.275856,0.000998,0.057579,0.724144,-0.014741,4.917872,4.915061,4.462585,0.018075,0.025906
60,1.070438,1.047307,0.023131,0.653404,0.543191,0.407007,0.001000,28,0.275369,0.000969,0.058713,0.724631,-0.014002,4.928376,4.910156,4.481045,0.017706,0.025606
61,1.072504,1.049144,0.023360,0.649405,0.537493,0.396151,0.001000,30,0.267085,0.000899,0.060031,0.732915,-0.016708,4.975842,4.899250,4.477476,0.016907,0.024754
62,1.043344,1.019433,0.023911,0.660802,0.543791,0.426874,0.001000,29,0.268490,0.000894,0.061774,0.731510,-0.014897,4.978752,4.925454,4.446919,0.017068,0.024556
63,1.037516,1.012962,0.024554,0.662001,0.548890,0.413931,0.001000,30,0.274761,0.000902,0.063498,0.725239,-0.009168,4.949298,4.937779,4.424589,0.017383,0.024492
64,1.013254,0.988288,0.024967,0.669699,0.540192,0.389212,0.001000,30,0.273857,0.000875,0.064936,0.726143,-0.018755,4.965186,4.953238,4.455095,0.017022,0.024193
65,1.001913,0.976623,0.025290,0.666600,0.538992,0.436418,0.001000,29,0.264412,0.000815,0.066644,0.735588,-0.012234,5.010499,5.003271,4.434076,0.016091,0.023575
66,0.983155,0.957165,0.025990,0.685294,0.540792,0.379337,0.001000,28,0.270512,0.000818,0.068570,0.729488,-0.016817,4.989833,4.980929,4.388089,0.016624,0.023280
67,0.976056,0.949457,0.026599,0.683395,0.542891,0.461464,0.001000,27,0.272879,0.000819,0.070443,0.727121,-0.016556,4.972165,4.991035,4.422547,0.016779,0.023179
68,0.969603,0.942231,0.027372,0.690493,0.526995,0.348620,0.001000,26,0.285111,0.000781,0.072207,0.714889,-0.018481,4.910980,5.043212,4.385191,0.016183,0.022782
69,0.993915,0.966308,0.027606,0.669299,0.519496,0.441200,0.001000,25,0.266955,0.000741,0.074199,0.733045,-0.018441,5.014300,5.033530,4.389821,0.016050,0.021992
70,0.990655,0.962311,0.028345,0.681096,0.539892,0.399188,0.001000,24,0.277531,0.000761,0.075955,0.722469,-0.024879,4.970253,4.979518,4.359525,0.016697,0.021949
71,0.948236,0.918894,0.029342,0.686494,0.542292,0.403472,0.001000,23,0.297709,0.000838,0.077933,0.702291,-0.016328,4.889203,5.110731,4.458779,0.017321,0.023187
72,0.921037,0.891517,0.029521,0.694792,0.531494,0.434971,0.001000,22,0.284235,0.000828,0.079425,0.715765,-0.026924,4.954816,5.048727,4.449795,0.017718,0.022666
73,0.921532,0.891318,0.030214,0.705088,0.542591,0.436168,0.001000,21,0.288098,0.000841,0.081479,0.711902,-0.014276,4.968303,5.065016,4.439723,0.017831,0.022867
74,0.878961,0.848262,0.030698,0.724483,0.541092,0.406989,0.001000,20,0.295714,0.000867,0.082585,0.704286,-0.017112,4.956945,5.021441,4.449958,0.018417,0.022973
75,0.875547,0.844265,0.031282,0.712386,0.542591,0.429551,0.001000,19,0.304685,0.000872,0.083932,0.695315,-0.017543,4.913000,5.105229,4.473618,0.018450,0.023049
76,0.860923,0.829359,0.031565,0.720384,0.542891,0.471226,0.001000,18,0.312192,0.000830,0.084375,0.687808,-0.012416,4.863756,5.183933,4.419530,0.017887,0.022582
77,0.829139,0.797518,0.031621,0.744877,0.536893,0.396782,0.001000,17,0.306484,0.000805,0.084945,0.693516,-0.017972,4.920900,5.086701,4.384239,0.018003,0.021928
78,0.841583,0.809768,0.031815,0.728681,0.539892,0.458910,0.001000,16,0.295128,0.000777,0.086348,0.704872,-0.009393,5.004375,5.085738,4.398666,0.017657,0.021563
79,0.788351,0.756229,0.032122,0.758372,0.536593,0.432474,0.001000,15,0.304723,0.000770,0.086733,0.695277,-0.014674,4.961854,5.129974,4.367706,0.017666,0.021410
80,0.831245,0.798776,0.032469,0.727382,0.531794,0.443123,0.001000,14,0.318808,0.000768,0.086952,0.681192,-0.010475,4.870297,5.184427,4.363245,0.017568,0.021422
81,0.799407,0.766435,0.032972,0.752174,0.540792,0.414571,0.001000,13,0.323730,0.000822,0.088298,0.676270,-0.010715,4.882358,5.259387,4.403940,0.018553,0.021855
82,0.758684,0.726195,0.032489,0.756873,0.538692,0.461763,0.001000,12,0.299020,0.000774,0.088337,0.700980,-0.013945,4.985304,5.135149,4.392150,0.018463,0.020813
83,0.743993,0.711390,0.032603,0.775067,0.540492,0.465368,0.001000,11,0.303784,0.000747,0.088399,0.696216,-0.005864,4.964158,5.151421,4.327737,0.018141,0.020442
84,0.709689,0.676755,0.032934,0.786064,0.551290,0.434314,0.001000,10,0.304282,0.000766,0.089467,0.695718,-0.007893,4.958965,5.133349,4.329363,0.018702,0.020405
85,0.702089,0.668838,0.033251,0.778966,0.537792,0.468483,0.001000,30,0.311773,0.000785,0.090025,0.688227,-0.004235,4.923687,5.148872,4.365493,0.018884,0.020693
86,0.688566,0.654804,0.033762,0.797961,0.550990,0.459867,0.001000,29,0.331686,0.000796,0.090400,0.668314,-0.011238,4.831224,5.203660,4.318153,0.019037,0.020829
87,0.641237,0.607744,0.033493,0.812556,0.541392,0.456655,0.001000,28,0.313777,0.000717,0.090700,0.686223,-0.011334,4.898176,5.222978,4.314724,0.017820,0.019989
88,0.640656,0.607301,0.033355,0.809757,0.535093,0.455309,0.001000,27,0.303736,0.000680,0.090912,0.696264,-0.020441,4.942621,5.152791,4.283174,0.017678,0.019171
89,0.624572,0.590905,0.033667,0.822253,0.542891,0.462212,0.001000,26,0.315012,0.000686,0.091199,0.684988,-0.010905,4.893145,5.195097,4.238201,0.017830,0.019191
90,0.608309,0.574473,0.033836,0.823753,0.547091,0.427711,0.001000,25,0.319972,0.000696,0.091433,0.680028,-0.021037,4.872347,5.156569,4.262263,0.018215,0.019088
91,0.608039,0.574222,0.033817,0.812656,0.517397,0.460494,0.001000,24,0.319665,0.000705,0.091389,0.680335,-0.009258,4.883907,5.211402,4.296256,0.018192,0.019344
92,0.619278,0.585498,0.033780,0.814356,0.530594,0.417247,0.001000,23,0.320283,0.000706,0.091224,0.679717,-0.029004,4.882852,5.157015,4.245254,0.018656,0.018923
93,0.687728,0.654250,0.033478,0.780166,0.534493,0.468809,0.001000,22,0.313259,0.000634,0.090688,0.686741,0.002397,4.901741,5.218204,4.280624,0.016753,0.018809
94,0.551980,0.518339,0.033641,0.843247,0.497301,0.432717,0.001000,21,0.312814,0.000672,0.091259,0.687186,-0.015340,4.932222,5.201576,4.230875,0.018046,0.018624
95,0.643751,0.609729,0.034022,0.792862,0.523695,0.450131,0.001000,20,0.315578,0.000714,0.092344,0.684422,-0.030552,4.940887,5.139244,4.253263,0.019316,0.018463
96,0.623449,0.589136,0.034314,0.810857,0.535693,0.439683,0.001000,19,0.335471,0.000739,0.091990,0.664529,0.005498,4.827712,5.247477,4.267139,0.018960,0.019493
97,0.626270,0.591558,0.034712,0.801360,0.542891,0.454057,0.001000,18,0.338159,0.000725,0.093140,0.661841,0.008839,4.854384,5.247346,4.325687,0.018686,0.019376
98,0.505527,0.470591,0.034936,0.861542,0.507499,0.442963,0.001000,17,0.337761,0.000785,0.093910,0.662239,-0.012322,4.888572,5.160212,4.266449,0.020644,0.018947
99,0.569705,0.534308,0.035398,0.830451,0.523995,0.449783,0.001000,16,0.337645,0.000838,0.095455,0.662355,-0.020436,4.906413,5.140142,4.231507,0.022074,0.018718
100,0.499748,0.464347,0.035402,0.859442,0.534793,0.447633,0.001000,15,0.338069,0.000802,0.095440,0.661931,-0.015643,4.885375,5.183291,4.219589,0.020926,0.019070
101,0.492223,0.456684,0.035539,0.859842,0.536293,0.455511,0.001000,14,0.339760,0.000751,0.095787,0.660240,-0.006678,4.859143,5.241082,4.233661,0.019336,0.019410
102,0.492996,0.457271,0.035726,0.857143,0.536293,0.447234,0.001000,13,0.339624,0.000736,0.096419,0.660376,0.000179,4.850904,5.282419,4.248374,0.018799,0.019571
103,0.469259,0.433581,0.035678,0.865340,0.515597,0.446161,0.001000,12,0.333378,0.000718,0.096679,0.666622,-0.004638,4.874766,5.252017,4.236449,0.018907,0.018995
104,0.470748,0.434990,0.035758,0.869339,0.519796,0.428069,0.001000,11,0.329423,0.000722,0.097206,0.670577,-0.011271,4.917797,5.256501,4.195637,0.019568,0.018409
105,0.498050,0.462328,0.035722,0.848745,0.510798,0.461672,0.001000,10,0.327964,0.000698,0.097186,0.672036,-0.017108,4.910023,5.129359,4.197098,0.019636,0.017687
106,0.463021,0.426926,0.036095,0.871838,0.535993,0.407389,0.001000,9,0.340920,0.000718,0.097565,0.659080,-0.006567,4.848400,5.166654,4.165397,0.019958,0.017884
107,0.434198,0.398351,0.035848,0.872738,0.530594,0.442251,0.001000,8,0.326675,0.000712,0.097690,0.673325,-0.000320,4.920003,5.211010,4.240420,0.019660,0.018031
108,0.413749,0.377946,0.035803,0.885934,0.530594,0.478559,0.001000,7,0.339531,0.000730,0.096685,0.660469,-0.005352,4.839007,5.172994,4.252862,0.019697,0.018497
109,0.396875,0.360924,0.035951,0.901330,0.533593,0.434516,0.001000,6,0.349053,0.000770,0.096540,0.650947,-0.005214,4.799535,5.181327,4.251590,0.020220,0.019008
110,0.390971,0.355305,0.035665,0.893232,0.526395,0.445977,0.001000,5,0.333068,0.000755,0.096655,0.666932,-0.003607,4.885601,5.216839,4.261079,0.020142,0.018680
111,0.377200,0.341834,0.035366,0.899630,0.528494,0.466637,0.001000,4,0.330655,0.000707,0.095820,0.669345,-0.008203,4.871716,5.184925,4.213278,0.019522,0.018061
112,0.350335,0.315140,0.035195,0.913226,0.528494,0.436973,0.001000,3,0.335601,0.000673,0.094920,0.664399,-0.006502,4.833321,5.164506,4.160474,0.018940,0.017735
113,0.347573,0.312371,0.035202,0.910927,0.527894,0.439224,0.001000,2,0.331858,0.000641,0.095193,0.668142,0.001998,4.833595,5.176557,4.170520,0.018266,0.017530
114,0.330533,0.295331,0.035202,0.913526,0.522795,0.454917,0.001000,1,0.333291,0.000634,0.095099,0.666709,-0.002339,4.812439,5.184952,4.164208,0.018404,0.017172
