dataset,train_seed,analysis_seed,receiver_i,neighbor_j,edge_id,label_i,label_j,degree_i,degree_j,edge_norm,receiver_degree_bin,receiver_correct_full,full_confidence,sim_text,sim_visual,L_null,L_text,L_visual,L_joint,Q_text,Q_visual,Q_joint,S_exact,S_norm,Q_text_1,Q_visual_1,Q_joint_1,Q_text_2,Q_visual_2,Q_joint_2,S_second,best_exact,best_first,best_second
Grocery,42,12345,13509,9822,76752,15,12,11,67,0.03683547303080559,3,True,0.9369601607322693,0.5353072881698608,0.9227336645126343,0.06769134104251862,0.07016107439994812,0.0627678632736206,0.06511452049016953,-0.0024697333574295044,0.00492347776889801,0.0025768205523490906,0.00012307614088058472,0.012344595976173878,-0.002404826011728066,0.005250826343001893,0.0028460003312738257,-0.0024684394168522136,0.004903046180594016,0.002561398795313392,0.00012679203157158966,2,2,2
Grocery,42,12345,5111,14960,129764,7,16,23,49,0.02978777326643467,3,True,0.9558858871459961,0.8977773189544678,0.6993449926376343,0.03624473139643669,0.03744586557149887,0.04366828128695488,0.04511673003435135,-0.0012011341750621796,-0.0074235498905181885,-0.008871998637914658,-0.00024731457233428955,-0.014134933240711689,-0.0011473003725526692,-0.006657956519814397,-0.007805256892367066,-0.0012006985585641576,-0.007365120403577029,-0.008779247546074023,-0.00021342858393283686,0,0,0
Grocery,42,12345,12812,2918,13111,14,4,1,7,0.37796449661254883,0,False,0.3799726665019989,0.9557117223739624,0.7863191962242126,2.8944711685180664,2.8516016006469727,2.5913872718811035,2.555432081222534,0.04286956787109375,0.3030838966369629,0.3390390872955322,-0.006914377212524414,-0.010094091296195984,0.059161520555460236,0.4669205435751238,0.5260820641305839,0.04376400320682723,0.21499786494155698,0.23720321925102617,-0.021558648897358035,3,3,3
Grocery,42,12345,135,12776,107612,2,14,27,32,0.034020692110061646,3,False,0.8928384184837341,0.7044311761856079,0.7669275999069214,2.3375191688537598,2.3888001441955566,2.299635648727417,2.3507306575775146,-0.051280975341796875,0.03788352012634277,-0.013211488723754883,0.00018596649169921875,0.001816504867747426,-0.05113066147899627,0.03807617477491647,-0.013054486704079798,-0.051282537447236855,0.037879937203104626,-0.013216415092967233,0.00018618515116499562,2,2,2
Grocery,42,12345,8146,10768,88108,11,13,1,378,0.05143444985151291,0,True,0.8131067156791687,0.883507490158081,0.5740913152694702,0.15831752121448517,0.16867047548294067,0.1938491016626358,0.2068929374217987,-0.010352954268455505,-0.035531580448150635,-0.04857541620731354,-0.0026908814907073975,-0.028487006202340126,-0.009676077475082315,-0.03201119821171198,-0.04168727568679429,-0.010343479155221259,-0.03532489106984233,-0.0480214562600284,-0.002353086034964806,0,0,0
Grocery,42,12345,16158,16919,141112,17,17,3,6,0.2357022762298584,1,True,0.9337432980537415,0.9717754125595093,0.7472229599952698,0.2977231442928314,0.21511110663414001,0.0915609821677208,0.06855370104312897,0.0826120376586914,0.20616215467453003,0.22916944324970245,-0.05960474908351898,-0.1150796115398407,0.10434282059372217,0.3519618474372229,0.456304668030945,0.07977541642984337,0.15557975852739933,0.1188659997880393,-0.1164891751692034,3,3,2
Grocery,42,12345,15031,16771,140138,17,17,10,58,0.04152274131774902,3,False,0.6174985766410828,0.8478096723556519,0.5605705976486206,2.393646717071533,2.3939268589019775,2.291872024536133,2.290834903717041,-0.00028014183044433594,0.10177469253540039,0.10281181335449219,0.0013172626495361328,0.0064298533834517,8.906892129888211e-05,0.10377597737361803,0.10386504629491693,-0.0002771593130264006,0.10175487571434562,0.10282483820615285,0.001347121804833623,3,3,3
Grocery,42,12345,7093,945,3925,9,1,7,5,0.16903084516525269,2,False,0.700141429901123,0.6660977602005005,0.7531032562255859,1.8587443828582764,2.0545496940612793,1.4894646406173706,1.6405534744262695,-0.19580531120300293,0.36927974224090576,0.21819090843200684,0.044716477394104004,0.05708904564380646,-0.1764541663041937,0.4093131910393357,0.232859024735142,-0.19805226353968905,0.37414276411478964,0.21655584612879736,0.04046534555369674,2,2,2
Grocery,42,12345,5515,4307,23348,7,7,3,216,0.03928370773792267,1,True,0.9871008396148682,0.8265994787216187,0.8575667142868042,0.014502003788948059,0.014542185701429844,0.01294859778136015,0.012983076274394989,-4.018191248178482e-05,0.0015534060075879097,0.00151892751455307,5.7034194469451904e-06,0.0018324089469388127,-3.9712816945883285e-05,0.0016539727727348302,0.0016142599557889474,-4.030554916370744e-05,0.001548807174105078,0.0015145754008161275,6.073775874756906e-06,2,2,2
Grocery,42,12345,9133,9442,72651,12,12,1,5,0.4472135901451111,0,True,0.9633675813674927,0.9584006667137146,0.7852186560630798,0.06078437715768814,0.033278584480285645,0.10219623893499374,0.037320349365472794,0.027505792677402496,-0.0414118617773056,0.023464027792215347,0.037370096892118454,0.4045184254646301,0.059720577003329466,-0.005326365422444207,0.05439421158088527,0.004949119781666345,-0.03558071627255101,-0.007735718177996211,0.022895878312888453,1,1,1
Grocery,42,12345,12846,12394,105162,14,14,2,74,0.08219949156045914,1,True,0.9408251643180847,0.982264518737793,0.9635279774665833,0.07984476536512375,0.0719962939620018,0.067621149122715,0.060997944325208664,0.007848471403121948,0.012223616242408752,0.018846821039915085,-0.0012252666056156158,-0.03148254379630089,0.008308282133311317,0.013638081584660917,0.02194636371797223,0.007831094659477976,0.012101253721429044,0.018496595337679483,-0.0014357530432275376,3,3,3
Grocery,42,12345,3772,7263,50805,3,9,17,1,0.24253563582897186,3,True,0.7297298908233643,0.934392511844635,0.8863205909729004,0.23012775182724,0.18283922970294952,0.3818151652812958,0.31508079171180725,0.047288522124290466,-0.1516874134540558,-0.08495303988456726,0.01944585144519806,0.06848843395709991,0.05983558318017537,-0.11853914093879653,-0.05870355775862113,0.04392623351416969,-0.1478319076766335,-0.0849063926828992,0.018999281479564617,1,1,1
Grocery,42,12345,7881,7551,53216,10,10,9,8,0.1178511381149292,2,True,0.9999799728393555,0.9854621291160583,0.9914092421531677,4.386805812828243e-05,4.017272294731811e-05,2.2053474822314456e-05,2.002696055569686e-05,3.695335180964321e-06,2.181458330596797e-05,2.3841097572585568e-05,-1.6688209143467247e-06,-0.03380848094820976,4.015859805582418e-06,3.061439513619035e-05,3.4630254941772776e-05,3.7532589412846807e-06,1.952437620038154e-05,2.079380229414658e-05,-2.4838328475196412e-06,3,3,3
Grocery,42,12345,143,3535,16903,1,4,7,87,0.04052204638719559,2,True,0.9846653342247009,0.6821432113647461,0.5173702836036682,0.015507942996919155,0.016379306092858315,0.014664365909993649,0.015453479252755642,-0.0008713630959391594,0.0008435770869255066,5.4463744163513184e-05,8.224975317716599e-05,0.04648417979478836,-0.0008429137926964606,0.0009289148114096671,8.600101871320611e-05,-0.0008707006561189357,0.0008420328427147742,5.521648120123558e-05,8.388429460539715e-05,2,2,2
Grocery,42,12345,15571,15435,133048,19,19,5,3,0.25819888710975647,2,True,0.9059898257255554,0.9061146974563599,0.9241905212402344,0.200791135430336,0.24250373244285583,0.08381404727697372,0.09872718155384064,-0.041712597012519836,0.11697708815336227,0.10206395387649536,0.026799462735652924,0.10277695208787918,-0.036290013466338505,0.18020392578814953,0.14391391232181105,-0.04132807588485143,0.0971603393007011,0.09192944692872818,0.03609718351287851,2,2,2
Grocery,42,12345,1782,1628,6840,0,0,4,13,0.1386750489473343,1,True,0.9863102436065674,0.9732382297515869,0.9272475838661194,0.039915286004543304,0.030540207400918007,0.018338534981012344,0.013784334063529968,0.009375078603625298,0.02157675102353096,0.026130951941013336,-0.0048208776861429214,-0.08445413410663605,0.010807816419886498,0.03169066084704075,0.042498477266927244,0.009225324214839454,0.018510529574266982,0.0199347051556757,-0.0078011486334307375,3,3,3
Grocery,42,12345,8640,9399,72112,12,12,3,36,0.09622504562139511,1,True,0.9942607879638672,0.9551126956939697,0.9813904166221619,0.012390541844069958,0.010024677030742168,0.007125678937882185,0.005755756050348282,0.0023658648133277893,0.005264862906187773,0.006634785793721676,-0.0009959419257938862,-0.06981460750102997,0.0027086975470565163,0.007097197831208747,0.009805895378265263,0.002328115749138438,0.004827167482730394,0.005640972794122788,-0.0015143104377460443,3,3,3
Grocery,42,12345,3546,10838,89446,6,13,11,16,0.07537783682346344,3,True,0.3278152644634247,0.9004992842674255,0.7766168713569641,1.11197829246521,1.100034475326538,1.1298037767410278,1.115304946899414,0.011943817138671875,-0.01782548427581787,-0.0033266544342041016,0.0025550127029418945,0.07720012217760086,0.021555124331491902,-0.016129712926677375,0.00542541140481452,0.012129098604317112,-0.01792593417409424,-0.0030742828360186287,0.0027225527337584998,1,1,1
Grocery,42,12345,10099,9282,70455,12,12,23,31,0.03745029494166374,3,True,0.9661997556686401,0.9853942394256592,0.8177251219749451,0.041798003017902374,0.03999122977256775,0.035995110869407654,0.03438469395041466,0.0018067732453346252,0.0058028921484947205,0.007413309067487717,-0.00019635632634162903,-0.013070393353700638,0.001862516616495407,0.006322727080364993,0.008185243696860398,0.0018052276952684075,0.005771577058194924,0.0073603558906699465,-0.00021644886279338464,3,3,3
Grocery,42,12345,9056,10247,81422,12,12,3,14,0.15430335700511932,1,True,0.9835857152938843,0.8815588355064392,0.9355904459953308,0.03210856765508652,0.033626869320869446,0.015952225774526596,0.01655050925910473,-0.0015183016657829285,0.01615634188055992,0.015558058395981789,0.0009200181812047958,0.027684111148118973,-0.0012091231386797772,0.022801813860136445,0.02159269072145667,-0.0015417912506746228,0.014435119329688757,0.014064676495481017,0.0011713484164668827,2,2,2
Grocery,42,12345,15001,15005,130260,15,15,4,32,0.0883883461356163,1,True,0.1844828575849533,0.7949773073196411,0.7176957130432129,2.380258083343506,2.318030834197998,1.7459630966186523,1.690198540687561,0.06222724914550781,0.6342949867248535,0.6900595426559448,-0.006462693214416504,-0.004660881590098143,0.06259673553682,0.6834003388405008,0.7459970743773207,0.06223039376092452,0.6367374847873026,0.6940887089153911,-0.004879169632836078,3,3,3
Grocery,42,12345,17004,2824,12454,17,5,7,2,0.26726123690605164,2,True,0.9056179523468018,0.9043708443641663,0.8374725580215454,0.1614270806312561,0.13166476786136627,0.1392335295677185,0.09913772344589233,0.02976231276988983,0.022193551063537598,0.06228935718536377,0.01033349335193634,0.09045010805130005,0.04216294808665325,0.05346733883540895,0.09563028692206219,0.026601283074639034,0.01658894284044491,0.053551252373456794,0.010361026458372849,3,3,3
Grocery,42,12345,1558,1881,7969,1,1,3,3,0.3333333432674408,1,True,0.9922864437103271,0.9917210340499878,0.9564195871353149,0.022280259057879448,0.006756081711500883,0.027319416403770447,0.007743460591882467,0.015524176880717278,-0.005039157345890999,0.014536798000335693,0.004051778465509415,0.11543481051921844,0.027330978166928786,-0.003566674711862474,0.02376430345506631,0.010140277424375246,-0.0051671905157577875,0.010837164868131216,0.005864077959513757,1,1,3
Grocery,42,12345,12656,12586,106550,14,14,2,49,0.10101525485515594,1,True,0.9495981931686401,0.890469491481781,0.812861442565918,0.06151170656085014,0.057773225009441376,0.055192235857248306,0.051716338843107224,0.0037384815514087677,0.006319470703601837,0.00979536771774292,-0.00026258453726768494,-0.0132262222468853,0.003978738381942501,0.007509145944522104,0.011487884326464606,0.0037303702035158346,0.006180020789541073,0.009613033697776708,-0.0002973572952801994,3,3,3
Grocery,42,12345,10503,9217,69693,12,12,16,262,0.015445050783455372,3,False,0.9463810324668884,0.8353484272956848,0.6521036624908447,5.5149006843566895,5.445446491241455,5.509427070617676,5.440012454986572,0.06945419311523438,0.005473613739013672,0.07488822937011719,-3.9577484130859375e-05,-0.0002641738683450967,0.06947344720918379,0.005532128090120044,0.07500557529930385,0.06945377083743824,0.005472532125368449,0.07488694569920162,-3.9357263605066875e-05,3,3,3
Grocery,42,12345,15901,8951,66496,18,12,19,43,0.03498557209968567,3,False,0.4290640950202942,0.6979700326919556,0.7250306010246277,1.6655762195587158,1.677689552307129,1.5667099952697754,1.578641414642334,-0.012113332748413086,0.09886622428894043,0.08693480491638184,0.0001819133758544922,0.0009191518765874207,-0.012082083307713432,0.10087885806487663,0.08879677475716319,-0.01211284032169412,0.09890412746587623,0.08696703470864522,0.00017574756446310513,2,2,2
Grocery,42,12345,16121,17047,141959,18,18,8,9,0.1178511381149292,2,True,0.9250972270965576,0.9119274020195007,0.9522719979286194,0.1590563803911209,0.15893436968326569,0.07796778529882431,0.0778564065694809,0.00012201070785522461,0.0810885950922966,0.08119997382164001,-1.0631978511810303e-05,-6.546357326442376e-05,0.00023271072661552568,0.11469452812192316,0.1149272388485387,0.0001223500531045578,0.07234136459462664,0.07243822751394902,-2.5487133782184368e-05,3,3,3
Grocery,42,12345,7329,7732,54684,9,9,14,9,0.08908708393573761,3,True,0.9744054675102234,0.9942806959152222,0.9413308501243591,0.037504538893699646,0.03025665692985058,0.0324816070497036,0.025927765294909477,0.007247881963849068,0.005022931843996048,0.011576773598790169,-0.0006940402090549469,-0.029103150591254234,0.008448881071113072,0.005479232017844346,0.013928113088957422,0.007150863384710786,0.004987346945428317,0.011269365802267336,-0.0008688445278717677,3,3,3
Grocery,42,12345,13676,13882,118644,15,15,23,7,0.07881104201078415,3,True,0.8704710006713867,0.943527102470398,0.8286114931106567,0.16765937209129333,0.1570253074169159,0.14813609421253204,0.13872084021568298,0.010634064674377441,0.01952327787876129,0.02893853187561035,-0.0012188106775283813,-0.02062428928911686,0.010982436160639996,0.021674778917846776,0.03265721507848676,0.010627094698388703,0.01930418917103521,0.02854578258937713,-0.0013855012800467852,3,3,3
Grocery,42,12345,15878,16374,137933,17,17,3,15,0.14907120168209076,1,True,0.3367847204208374,0.8500096201896667,0.7504538297653198,1.276998519897461,1.1516071557998657,1.224674940109253,1.0883114337921143,0.12539136409759521,0.05232357978820801,0.18868708610534668,0.010972142219543457,0.02994563616812229,0.13357237763316732,0.07297795592433112,0.20655033355749847,0.12556507791342758,0.05401380586033553,0.18879191055794056,0.009213026784177451,3,3,3
Grocery,42,12345,14250,3207,14703,16,5,28,29,0.035093121230602264,3,True,0.998791515827179,0.7191402912139893,0.6995939016342163,0.0011732844868674874,0.0011856677010655403,0.0012003129813820124,0.001209242851473391,-1.2383214198052883e-05,-2.7028494514524937e-05,-3.5958364605903625e-05,3.4533441066741943e-06,0.04581242799758911,-1.1127574332270948e-05,-2.324817019288085e-05,-3.4375744525151805e-05,-1.2349587785866857e-05,-2.693023825416312e-05,-3.585669438433819e-05,3.423131655691785e-06,0,0,0
Grocery,42,12345,2856,11384,95451,6,13,3,22,0.12309148907661438,1,False,0.4306652843952179,0.553884744644165,0.8589551448822021,1.7688140869140625,1.6399070024490356,1.7334909439086914,1.6203213930130005,0.12890708446502686,0.035323143005371094,0.148492693901062,-0.015737533569335938,-0.0503242090344429,0.17256948658942325,0.06668182143903438,0.2392513080284576,0.13417359919369035,0.0347350555128228,0.17026163925405174,0.0013529845475385993,3,3,3
Grocery,42,12345,16197,15659,134440,17,17,7,23,0.07881104201078415,2,True,0.9900396466255188,0.8979592323303223,0.8149260878562927,0.01422879472374916,0.013290151953697205,0.01071049366146326,0.010010278783738613,0.0009386427700519562,0.0035183010622859,0.004218515940010548,-0.00023842789232730865,-0.02748299390077591,0.0010484360824959983,0.004111017296798517,0.005159453379294515,0.0009327309807414106,0.0034477584699464767,0.004061197440178948,-0.0003192920105089393,3,3,3
Grocery,42,12345,13307,6063,41449,16,8,9,2,0.2357022762298584,2,True,0.9415486454963684,0.707383930683136,0.716244101524353,0.02922366000711918,0.03172025829553604,0.05543700233101845,0.06022927165031433,-0.0024965982884168625,-0.02621334232389927,-0.031005611643195152,-0.0022956710308790207,-0.0384434275329113,-0.0019812548614486,-0.01611639879058843,-0.01809765365203703,-0.002461128821431272,-0.023472841279426768,-0.026989456725708974,-0.0010554866248509362,0,0,0
Grocery,42,12345,12305,12512,105979,14,14,14,89,0.0283296350389719,3,True,0.48582160472869873,0.9778016805648804,0.9358539581298828,0.7041305303573608,0.726900577545166,0.6991409063339233,0.721913754940033,-0.022770047187805176,0.0049896240234375,-0.01778322458267212,-2.8014183044433594e-06,-6.151162961032242e-05,-0.022350342689113508,0.0050717501886483555,-0.017278592500465158,-0.022770217912379227,0.004987828189048049,-0.01778881865618177,-6.428932850592074e-06,2,2,2
Grocery,42,12345,11349,11210,93503,13,13,2,5,0.3162277638912201,1,True,0.999423623085022,0.9718602895736694,0.9802645444869995,0.00792762078344822,0.006701020989567041,0.0007321537705138326,0.0005765683017671108,0.001226599793881178,0.0071954671293497086,0.0073510524816811085,-0.001071014441549778,-0.06790120154619217,0.0020416424758664424,0.019239060646730227,0.021280703122596663,0.0009354983394962483,-0.004473127817894041,-0.007877480633846353,-0.004339851155448561,3,3,1
Grocery,42,12345,2664,4520,26772,4,7,1,61,0.12803687155246735,0,False,0.8632904291152954,0.931331992149353,0.9164651036262512,4.049751281738281,4.131937026977539,4.530248641967773,4.612943649291992,-0.08218574523925781,-0.4804973602294922,-0.5631923675537109,-0.0005092620849609375,-0.0004523254174273461,-0.08153898369643373,-0.4530613542823894,-0.534600337978823,-0.08222112245931393,-0.48453741399059413,-0.5674821709151221,-0.0007236344652140625,0,0,0
Grocery,42,12345,14966,14008,119929,16,16,10,4,0.15811388194561005,3,False,0.912564218044281,0.881311297416687,0.8092958927154541,2.914803981781006,2.9076738357543945,2.6997790336608887,2.6924641132354736,0.007130146026611328,0.2150249481201172,0.22233986854553223,0.00018477439880371094,0.0004156951326876879,0.007198122558754308,0.21688879256342508,0.22408691512217935,0.007126827933752807,0.21513916847800163,0.22244033369241237,0.00017433728065793797,3,3,3
Grocery,42,12345,9668,9359,71471,12,12,3,98,0.05832118168473244,1,True,0.945268452167511,0.9906855821609497,0.8697496652603149,0.07092659175395966,0.06589875370264053,0.0606306791305542,0.05628632754087448,0.005027838051319122,0.010295912623405457,0.014640264213085175,-0.0006834864616394043,-0.022810235619544983,0.005227067829395381,0.01112137220204424,0.016348440031439617,0.0050215938382837805,0.010255613904604555,0.014518136636195365,-0.0007590711066929705,3,3,3
Grocery,42,12345,7669,6842,46925,9,9,3,4,0.28867512941360474,1,False,0.9422724843025208,0.9780317544937134,0.7626538872718811,3.0462942123413086,3.42378830909729,2.566193103790283,2.9340641498565674,-0.37749409675598145,0.4801011085510254,0.11223006248474121,0.009623050689697266,0.009922457858920097,-0.371746743263041,0.4882683248995774,0.11652158163653681,-0.37863227339163014,0.4808190335065452,0.11024384183130155,0.008057081716386472,2,2,2
Grocery,42,12345,1373,1731,7368,2,2,1,13,0.2773500978946686,0,False,0.6532649397850037,0.9908526539802551,0.7597966194152832,2.03580904006958,2.077300786972046,2.0150060653686523,2.0150279998779297,-0.04149174690246582,0.020802974700927734,0.02078104019165039,0.04146981239318848,0.4991806149482727,-0.001465536522343899,0.08649161528448011,0.08502607876213619,-0.040317458318973175,0.009759006403234863,0.0093503869949738,0.03990883891071211,2,2,2
Grocery,42,12345,15270,6965,48070,19,9,1,3,0.5773502588272095,0,True,0.8246247172355652,0.8930431604385376,0.6168749332427979,0.22350358963012695,0.21227306127548218,0.18159376084804535,0.19282688200473785,0.011230528354644775,0.041909828782081604,0.0306767076253891,-0.02246364951133728,-0.2680080533027649,0.027768894196738544,0.0996280092232977,0.1273969034200363,0.010075183126375162,0.032538068736059175,-0.00032536827232673704,-0.042938620134761074,2,3,2
Grocery,42,12345,488,1033,4334,1,1,1,10,0.3162277638912201,0,True,0.9999004602432251,0.9272587299346924,0.9459438323974609,0.0020026168785989285,0.0006599632324650884,0.00030882356804795563,9.953480184776708e-05,0.00134265364613384,0.0016937933396548033,0.0019030821276828647,-0.0011333648581057787,-0.22944749891757965,0.00237755774335325,0.003951272103682764,0.0063288298470360145,0.0008599350767814064,-0.00024817221953148724,-0.0040542238015844586,-0.004665986658834377,3,3,1
Grocery,42,12345,15122,8427,60162,18,12,1,5,0.4472135901451111,0,False,0.48897644877433777,0.4929492771625519,0.9393869638442993,1.2781789302825928,2.2632579803466797,0.6956606507301331,1.2961511611938477,-0.9850790500640869,0.5825182795524597,-0.017972230911254883,0.3845885396003723,0.2425554394721985,-0.7160389619127123,1.174868173656822,0.4588292117441098,-0.9333562475291642,0.39843930679690986,-0.09667094526819048,0.43824599546406384,2,2,2
Grocery,42,12345,4942,4953,31670,7,7,1,16,0.25,0,True,0.71462082862854,0.8980230093002319,0.9785171747207642,0.5889855027198792,0.603145956993103,0.32675430178642273,0.3360033631324768,-0.014160454273223877,0.2622312009334564,0.25298213958740234,0.0049113929271698,0.00927774142473936,-0.009782334647090758,0.3414356389208939,0.331653304273803,-0.01425668433208242,0.2513007124120421,0.2403136413928083,0.0032696133128486404,2,2,2
Grocery,42,12345,1336,2592,11317,0,5,19,10,0.07254762202501297,3,True,0.9518295526504517,0.9854784607887268,0.6774729490280151,0.05303550511598587,0.05064907670021057,0.05170433968305588,0.04936930909752846,0.002386428415775299,0.0013311654329299927,0.0036661960184574127,-5.139783024787903e-05,-0.006960891652852297,0.0024472576835637434,0.001352558710139341,0.0037998163937030863,0.002384835097333255,0.0013310751130566104,0.003662520013193671,-5.3390197196194434e-05,3,3,3
Grocery,42,12345,11273,10916,90326,13,13,11,11,0.09090909361839294,3,True,0.9937386512756348,0.9905730485916138,0.8752486705780029,0.013138038106262684,0.01530627254396677,0.005398101639002562,0.0062810396775603294,-0.0021682344377040863,0.007739936467260122,0.006856998428702354,0.0012852963991463184,0.07666464149951935,-0.0019915505737335536,0.011697286330238029,0.009705735756504477,-0.0021581204513280248,0.006485479188528751,0.006113171732191756,0.0017858129949910291,2,2,2
Grocery,42,12345,2303,3091,14051,6,6,1,1,1.0,0,False,0.8751906752586365,0.9076073169708252,0.835627555847168,4.038635730743408,4.473378658294678,3.8608362674713135,5.023246765136719,-0.43474292755126953,0.17779946327209473,-0.9846110343933105,-0.7276675701141357,-0.4556027948856354,-0.1460616143701075,1.0672624086922111,0.9212007943221037,-0.39219733937455575,0.21526746245192685,-0.7392972769728587,-0.5623674000502299,2,2,2
Grocery,42,12345,11388,11332,94963,13,13,5,15,0.1154700443148613,2,True,0.9966993927955627,0.9803407192230225,0.9629641771316528,0.005761326756328344,0.00709087960422039,0.0026886051055043936,0.0033060437999665737,-0.001329552847892046,0.0030727216508239508,0.0024552829563617706,0.0007121141534298658,0.103843554854393,-0.0011884284149570746,0.004395439182296236,0.0032070107673391624,-0.0013197258471526244,0.0027149807681681242,0.0023070476526407782,0.0009117927316252784,2,2,2
Grocery,42,12345,8348,10305,82245,12,12,3,14,0.15430335700511932,1,True,0.9626868963241577,0.85994553565979,0.8635154962539673,0.05737033113837242,0.04150928184390068,0.05300690233707428,0.038027070462703705,0.01586104929447174,0.0043634288012981415,0.019343260675668716,-0.0008812174201011658,-0.02227110229432583,0.019227020944411484,0.007005729385852878,0.026232750330264364,0.015404507015933884,0.004294748294082334,0.01808694483451794,-0.0016123104754982766,3,3,3
Grocery,42,12345,1078,134,629,1,1,4,11,0.15075567364692688,1,True,0.9999043941497803,0.8909362554550171,0.8832788467407227,0.00021026308240834624,0.00019441144831944257,0.00010990492592100054,9.560128091834486e-05,1.5851634088903666e-05,0.0001003581564873457,0.00011466180149000138,-1.5479890862479806e-06,-0.00670468807220459,2.266760703941974e-05,0.00014819938929069626,0.000170866996330116,1.5259029432346077e-05,8.446921240386874e-05,9.605904689881272e-05,-3.669194937402085e-06,3,3,3
Grocery,42,12345,2475,2186,9392,4,4,11,11,0.09090909361839294,3,False,0.8464130759239197,0.9520912766456604,0.8071058988571167,2.947085380554199,2.9948318004608154,2.792320728302002,2.8395822048187256,-0.04774641990661621,0.15476465225219727,0.10750317573547363,0.0004849433898925781,0.0015642616199329495,-0.04744354017399714,0.15577203875568654,0.10832849858168941,-0.04775324301595611,0.1547863621871488,0.10748644811051947,0.0004533289393267581,2,2,2
Grocery,42,12345,3883,4371,24450,7,7,19,429,0.011076295748353004,3,True,0.8568534255027771,0.8705102205276489,0.8186135292053223,0.16824650764465332,0.16876402497291565,0.15402670204639435,0.15448850393295288,-0.0005175173282623291,0.014219805598258972,0.01375800371170044,5.571544170379639e-05,0.0019552477169781923,-0.0005086825392541153,0.014829211542843813,0.0143205290035897,-0.0005174310194568358,0.014204913159391852,0.013744782383759384,5.7300243824368394e-05,2,2,2
Grocery,42,12345,14982,15996,136017,16,17,2,1,0.7071067690849304,1,True,0.5059115886688232,0.9404252171516418,0.7756966352462769,1.6366440057754517,1.2512456178665161,0.953722357749939,0.6813933253288269,0.38539838790893555,0.6829216480255127,0.9552506804466248,-0.11306935548782349,-0.05587615445256233,0.42867139611338273,1.7177463763539973,2.1464177724673794,0.38634582729877637,-0.12629036938663396,-0.06276450843895587,-0.3228199663510983,3,3,1
Grocery,42,12345,2078,14546,125661,5,15,9,21,0.07273929566144943,2,True,0.7037054896354675,0.5055838227272034,0.45441627502441406,0.43960705399513245,0.43578267097473145,0.3551337718963623,0.3513953387737274,0.003824383020401001,0.08447328209877014,0.08821171522140503,-8.594989776611328e-05,-0.00048694232827983797,0.0039268136511918066,0.09404204903254917,0.09796886268374098,0.003823719853134952,0.08394152298959372,0.08773517964516078,-3.0063197567889444e-05,3,3,3
Grocery,42,12345,7201,13207,111170,11,15,5,360,0.02357022650539875,2,True,0.8946437835693359,0.8151608109474182,0.7339673042297363,0.11256130784749985,0.11092735826969147,0.1129656732082367,0.11132961511611938,0.0016339495778083801,-0.0004043653607368469,0.0012316927313804626,2.1085143089294434e-06,0.0006448021158576012,0.0016469519660278484,-0.0003943198814459048,0.0012526320845819433,0.001633907308882295,-0.0004039702776730834,0.0012322200621453583,2.28303093614677e-06,1,1,1
Grocery,42,12345,16865,13230,111799,18,15,3,60,0.07453560084104538,1,True,0.7970430850982666,0.7489297986030579,0.6466013193130493,0.2870905101299286,0.2920040786266327,0.22271811962127686,0.22684648633003235,-0.0049135684967041016,0.06437239050865173,0.06024402379989624,0.0007852017879486084,0.00606193020939827,-0.004808563431184075,0.0742876068861591,0.06947904345497502,-0.004913280722325582,0.06364708768030097,0.05960330021980525,0.0008694932618298623,2,2,2
Grocery,42,12345,1396,1782,7585,0,0,6,4,0.20412413775920868,2,True,0.9939554333686829,0.9715030789375305,0.94447261095047,0.016288766637444496,0.011126614175736904,0.00910853873938322,0.006062925793230534,0.005162152461707592,0.0071802278980612755,0.010225840844213963,-0.002116539515554905,-0.09378401935100555,0.006336469437310488,0.009829678473834574,0.016166147911145068,0.0049838051853870495,0.006465790549923556,0.008078777560982964,-0.003370818174327642,3,3,3
Grocery,42,12345,11837,11909,100466,13,13,7,3,0.2182178795337677,2,True,0.9822612404823303,0.9999669194221497,0.9701985716819763,0.0664370059967041,0.06558743864297867,0.018228977918624878,0.01789800450205803,0.0008495673537254333,0.048208028078079224,0.04853900149464607,-0.0005185939371585846,-0.0053136469796299934,0.0010264454113669066,0.08562518779128944,0.08665163320265636,0.000844810050841932,0.03119792246206931,0.031177653016050473,-0.000865079496860769,3,3,2
Grocery,42,12345,15372,14732,127340,17,16,4,2,0.3535533845424652,1,False,0.5170267224311829,0.8325684070587158,0.6801877021789551,0.8341712951660156,1.5073609352111816,0.37128666043281555,0.811212420463562,-0.673189640045166,0.4628846347332001,0.022958874702453613,0.23326388001441956,0.20125728845596313,-0.5433483626155675,0.6596418637975996,0.11629350118203197,-0.6779188276406289,0.4112667944810531,-0.017153282739702846,0.24949875041987302,2,2,2
Grocery,42,12345,17006,16314,137653,17,17,1,3,0.5773502588272095,0,True,0.9163063764572144,0.9824115037918091,0.8551014065742493,0.4784923195838928,0.18857085704803467,0.23049864172935486,0.08740450441837311,0.28992146253585815,0.24799367785453796,0.3910878300666809,-0.1468273103237152,-0.15804827213287354,0.6295587705161004,0.35184978014922585,0.9814085506653264,0.1387572546662727,0.22503828508100582,-0.008608902239684468,-0.372404441986963,3,3,2
Grocery,42,12345,13731,13732,117086,15,15,6,12,0.1178511381149292,2,True,0.8749110102653503,0.9293875098228455,0.849608302116394,0.17013397812843323,0.15503758192062378,0.1469954401254654,0.13363313674926758,0.015096396207809448,0.023138538002967834,0.03650084137916565,-0.0017340928316116333,-0.023202979937195778,0.015812347701355544,0.025787593729694643,0.04159994143105018,0.015076150439173795,0.022916043895754606,0.036012087395199274,-0.0019801069397291267,3,3,3
Grocery,42,12345,2662,3132,14281,3,3,4,64,0.0625,1,True,0.9359161257743835,0.9684773683547974,0.44474145770072937,0.07591866701841354,0.059558406472206116,0.08442424982786179,0.06622939556837082,0.016360260546207428,-0.008505582809448242,0.009689271450042725,0.0018345937132835388,0.05309179797768593,0.018596472864443048,-0.007505107233387775,0.011091365631055275,0.016154688525167937,-0.008429874928324938,0.00959563745484,0.0018708238579970005,1,1,1
Grocery,42,12345,8689,9692,75211,12,12,21,33,0.03798685595393181,3,True,0.9641439914703369,0.9355725646018982,0.8393491506576538,0.043246079236269,0.04151328280568123,0.03808341547846794,0.036514636129140854,0.0017327964305877686,0.005162663757801056,0.006731443107128143,-0.00016401708126068115,-0.012036260217428207,0.001825321951279039,0.005511813889635182,0.007337135840914221,0.0017282948288423958,0.005147219038296105,0.006695130907317999,-0.0001803829598205015,3,3,3
Grocery,42,12345,1579,595,2600,1,1,4,12,0.14433756470680237,1,True,0.9996798038482666,0.9793295860290527,0.9076786637306213,0.0006590101984329522,0.0004096384218428284,0.0005136600811965764,0.00032026408007368445,0.00024937177659012377,0.0001453501172363758,0.0003387461183592677,-5.597577546723187e-05,-0.07631555199623108,0.0003148838885764792,0.00017362198890639492,0.0004885058774828741,0.0002383530253480873,0.00013930659326759302,0.00029343331575555577,-8.422630286012456e-05,3,3,3
Grocery,42,12345,354,1655,6980,2,2,2,7,0.26726123690605164,1,True,0.47794273495674133,0.9936655759811401,0.7531042098999023,1.1635838747024536,1.1457751989364624,0.7819890975952148,0.7382643818855286,0.01780867576599121,0.38159477710723877,0.42531949281692505,0.02591603994369507,0.03142393380403519,0.04930179576231303,0.49980940594088036,0.5491112017031935,0.01705906189530411,0.37194536226881103,0.40709266343193096,0.01808823926781583,3,3,3
Grocery,42,12345,1081,480,2089,1,1,8,16,0.0883883461356163,2,True,0.9998800754547119,0.9649043083190918,0.9533889889717102,0.00022098960471339524,0.00020323118951637298,0.00013076403411105275,0.00011991735664196312,1.775841519702226e-05,9.022557060234249e-05,0.00010107224807143211,-6.911737727932632e-06,-0.033060040324926376,1.9042318090633116e-05,0.0001163430248812213,0.0001353853429718544,1.7731296458775768e-05,8.53863219109023e-05,9.360242792738998e-05,-9.515190442288085e-06,3,3,3
Grocery,42,12345,7419,6868,47145,9,9,7,20,0.08451542258262634,2,True,0.9565289616584778,0.872881293296814,0.784461259841919,0.061987560242414474,0.05410383641719818,0.05096179619431496,0.04444419592618942,0.007883723825216293,0.011025764048099518,0.017543364316225052,-0.0013661235570907593,-0.03747643902897835,0.008483380859243272,0.01233092139319083,0.020814302252434108,0.00785193269352477,0.01089566469688796,0.017112000214818585,-0.0016355971755941442,3,3,3
Grocery,42,12345,10954,10856,89689,13,13,16,14,0.06681530922651291,3,True,0.9973289966583252,0.71048903465271,0.9621200561523438,0.0037130240816622972,0.004081254359334707,0.002434863243252039,0.0026745761279016733,-0.00036823027767241,0.0012781608384102583,0.001038447953760624,0.00012851739302277565,0.04786764085292816,-0.00034981277563446217,0.0015900624934647362,0.0012402497178302747,-0.00036753982056839113,0.0012237648206454802,0.0010093046724726584,0.00015307967239556932,2,2,2
Grocery,42,12345,5661,4374,25240,7,7,9,139,0.0282729621976614,2,True,0.9989448189735413,0.9137823581695557,0.780856192111969,0.0010702840518206358,0.0010459910845384002,0.0010812395485118032,0.0010557560017332435,2.4292967282235622e-05,-1.0955496691167355e-05,1.452805008739233e-05,1.1905794963240623e-06,0.02391369454562664,2.5361830859050583e-05,-1.0658225849577108e-05,1.470360500947347e-05,2.4363479793918893e-05,-1.0976340066202724e-05,1.4390918600248347e-05,1.0037788725321781e-06,1,1,1
Grocery,42,12345,12604,12403,105246,14,14,10,5,0.1414213627576828,3,True,0.6300415396690369,0.9529210329055786,0.7464607954025269,0.46996989846229553,0.5936774015426636,0.3615870773792267,0.4619693160057068,-0.12370750308036804,0.10838282108306885,0.008000582456588745,0.02332526445388794,0.09715179353952408,-0.1094181882054695,0.12085940223347484,0.011441214028005315,-0.12337315751947805,0.10794040051648572,0.007305244226249835,0.022738001229242175,2,2,2
Grocery,42,12345,6684,8049,57081,10,10,1,2,0.7071067690849304,0,True,0.9998410940170288,0.7973417043685913,0.9384872913360596,0.007164974696934223,0.002746859099715948,0.0004941195948049426,0.00015889335190877318,0.004418115597218275,0.006670854985713959,0.007006081286817789,-0.004082889296114445,-0.2256355583667755,0.00888868256277737,0.02362211679599766,0.032510799358775024,0.0010394922694118777,-0.020163591591637973,-0.048386425336893225,-0.02926232601466713,3,3,1
Grocery,42,12345,10244,8587,62032,12,12,6,71,0.04845016077160835,2,True,0.7879137396812439,0.9899852871894836,0.8635953664779663,0.28853654861450195,0.28736376762390137,0.23953713476657867,0.23836664855480194,0.001172780990600586,0.04899941384792328,0.05016990005970001,-2.294778823852539e-06,-2.286955168528948e-05,0.001377786566203562,0.053222507358571994,0.054600293924775556,0.001165513571823126,0.04881979847810509,0.04997522585365358,-1.0086196274627923e-05,3,3,3
Grocery,42,12345,4209,4459,26048,8,8,6,4,0.20412413775920868,2,True,0.9832774996757507,0.9987427592277527,1.0,0.024551039561629295,0.027871061116456985,0.01721862517297268,0.016863876953721046,-0.00332002155482769,0.007332414388656616,0.007687162607908249,0.003674769774079323,0.20037341117858887,-0.0022048714806428785,0.013306328885954042,0.011101457405311165,-0.0032462757113585544,0.005614579722094545,0.0067799165157495615,0.004411612505013571,3,2,3
Grocery,42,12345,7396,13561,115186,9,16,2,3,0.40824827551841736,1,False,0.6419607996940613,0.9279890060424805,0.7227475047111511,1.0883269309997559,1.7456165552139282,1.2055416107177734,1.7685377597808838,-0.6572896242141724,-0.11721467971801758,-0.6802108287811279,0.09429347515106201,0.06481920182704926,-0.5642175077935154,0.16621048486033174,-0.3980070229331839,-0.6663372495925,-0.14742276286691974,-0.6523481675886851,0.16141184487073462,0,2,0
Grocery,42,12345,10596,15767,134862,12,19,3,9,0.19245009124279022,1,False,0.804961085319519,0.9428792595863342,0.9077897071838379,2.0270235538482666,1.8015179634094238,3.215211868286133,2.9741430282592773,0.22550559043884277,-1.1881883144378662,-0.9471194744110107,0.015563249588012695,0.006592325400561094,0.23203211594360387,-1.0916595245861784,-0.8596274086425746,0.22564443311407115,-1.2143221065213665,-0.9625818519178255,0.02609582148946976,1,1,1
Grocery,42,12345,1958,2046,8848,3,5,1,2,0.7071067690849304,0,True,0.6440375447273254,0.9742692112922668,0.7317103147506714,0.35036155581474304,0.07269301265478134,1.9156708717346191,0.439998060464859,0.2776685357093811,-1.5653092861175537,-0.08963650465011597,1.1980042457580566,0.6198878884315491,0.5818550101598752,-0.5114479430949496,0.07040706706492554,0.0795768697837872,-1.056488400628293,-0.09748142550177431,0.8794301053427316,1,1,1
Grocery,42,12345,12403,12604,106704,14,14,5,10,0.1414213627576828,2,True,0.911647379398346,0.9529210329055786,0.7464607954025269,0.09051093459129333,0.12169834971427917,0.06773167103528976,0.09250202775001526,-0.03118741512298584,0.02277926355600357,-0.001991093158721924,0.0064170584082603455,0.11467678099870682,-0.02529586438818081,0.02936537573591956,0.004069511347738752,-0.030554024743554745,0.021493257370211877,-0.0019756185877993814,0.007085148785543487,2,2,2
Grocery,42,12345,14603,13814,117961,15,15,1,71,0.11867817491292953,0,True,0.4352588951587677,0.6285576224327087,0.9183671474456787,1.2222199440002441,1.2117518186569214,0.8397341966629028,0.8318144083023071,0.010468125343322754,0.3824857473373413,0.390405535697937,-0.0025483369827270508,-0.003253087867051363,0.010687744024516098,0.4334299453227056,0.44411768934722173,0.010466772262162834,0.38300517199961864,0.3909751658435522,-0.0024967784182293173,3,3,3
Grocery,42,12345,7391,6807,46726,9,9,6,10,0.12909944355487823,2,False,0.7333395481109619,0.9295017719268799,0.4858294129371643,1.3147270679473877,1.5157496929168701,1.1971806287765503,1.3872805833816528,-0.20102262496948242,0.1175464391708374,-0.07255351543426514,0.010922670364379883,0.02792646363377571,-0.19353100025775413,0.1223778998169264,-0.07115310044082776,-0.20136631587964254,0.11788341128746316,-0.07257435161359287,0.010908552978586505,2,2,2
Grocery,42,12345,16144,15663,134457,19,19,2,4,0.3535533845424652,1,True,0.9766184091567993,0.9532754421234131,0.9418189525604248,0.08265320956707001,0.10049577802419662,0.02160571701824665,0.023659296333789825,-0.017842568457126617,0.061047494411468506,0.05899391323328018,0.015788987278938293,0.1145092099905014,-0.014332525108681167,0.12024360848537456,0.10591108337669344,-0.017537954982854008,0.026003922864046347,0.03679334983598141,0.028327381954789073,2,2,3
Grocery,42,12345,3780,16175,136849,5,17,1,57,0.13245323300361633,0,False,0.3652104437351227,0.8597252368927002,0.6245498657226562,2.2400715351104736,2.259970188140869,2.451491117477417,2.472602367401123,-0.019898653030395508,-0.21141958236694336,-0.23253083229064941,-0.0012125968933105469,-0.002614205703139305,-0.01941060078886584,-0.19455692643716924,-0.21396752722603507,-0.019901346409405652,-0.21071294122759465,-0.2321845436721102,-0.0015702560351098793,0,0,0
Grocery,42,12345,9441,10409,83413,12,12,41,39,0.025007816031575203,3,True,0.9978505373001099,0.9282463788986206,0.8681758642196655,0.002356016542762518,0.0022656265646219254,0.002237913431599736,0.002151795197278261,9.038997814059258e-05,0.00011810311116278172,0.00020422134548425674,-4.271743819117546e-06,-0.010350110940635204,9.260948142538448e-05,0.00012252948682913936,0.0002151389682545239,9.041995388284404e-05,0.00011790394956109218,0.00020371910570470895,-4.604797739227268e-06,3,3,3
Grocery,42,12345,5851,5314,34720,8,8,3,24,0.1178511381149292,1,True,0.9829117059707642,0.8864115476608276,0.8013312816619873,0.027534451335668564,0.030599519610404968,0.01584322564303875,0.01723608374595642,-0.0030650682747364044,0.011691225692629814,0.010298367589712143,0.0016722101718187332,0.06674244999885559,-0.002776216476776137,0.01592659466710845,0.013150378190332311,-0.0030483536058769608,0.010644943889003684,0.009773416582663359,0.002176826299536635,2,2,2
Grocery,42,12345,13513,13512,114605,15,15,7,12,0.10910893976688385,2,True,0.9953601956367493,0.995840311050415,0.8823484182357788,0.005847845692187548,0.005234346725046635,0.00519805820658803,0.0046506100334227085,0.000613498967140913,0.0006497874855995178,0.0011972356587648392,-6.605079397559166e-05,-0.02684411033987999,0.0006486942060676981,0.0006951356745844666,0.0013438298806521649,0.0006122290974939527,0.000647137456368549,0.0011851549653152352,-7.42115885472665e-05,3,3,3
Grocery,42,12345,6955,3797,18711,9,3,1,3,0.5773502588272095,0,False,0.3836541175842285,0.9825661778450012,0.6997969150543213,2.659403085708618,3.03116512298584,3.375232696533203,2.957022190093994,-0.3717620372772217,-0.715829610824585,-0.297619104385376,0.7899725437164307,0.5702905058860779,0.1797752669267012,-0.33415842532559525,-0.15438315839889405,-0.4166767165954517,-0.7583089835746253,-0.36269559676375346,0.8122901034063235,0,1,0
Grocery,42,12345,9344,10508,84512,12,12,19,10,0.07254762202501297,3,True,0.9797849059104919,0.8742659091949463,0.7530854940414429,0.023495011031627655,0.0210897084325552,0.022786565124988556,0.020422188565135002,0.0024053025990724564,0.0007084459066390991,0.003072822466492653,-4.092603921890259e-05,-0.006615292280912399,0.0026394093810952405,0.0008979641091416291,0.0035373734902368666,0.002389939511536281,0.0006964949428041576,0.00301687519639868,-6.955925794175873e-05,3,3,3
Grocery,42,12345,11240,11207,93449,13,13,5,35,0.07559289038181305,2,True,0.979550302028656,0.8940614461898804,0.9584054946899414,0.03920084610581398,0.03820057213306427,0.021544117480516434,0.020661715418100357,0.00100027397274971,0.017656728625297546,0.018539130687713623,-0.00011787191033363342,-0.0031689282041043043,0.0014111263203918853,0.023763671316187215,0.025174797636579104,0.0009841332083015564,0.016290434847793342,0.017040777045371498,-0.00023379101072339842,3,3,3
Grocery,42,12345,6909,7835,55503,10,10,34,14,0.04583492502570152,3,True,0.9999309778213501,0.9739015698432922,0.930277943611145,8.642300235806033e-05,8.67805938469246e-05,6.8662193370983e-05,6.90197994117625e-05,-3.5759148886427283e-07,1.7760808987077326e-05,1.7403202946297824e-05,-1.4551915228366852e-11,-4.0954850533125864e-07,-3.333746456503253e-07,1.982089103331936e-05,1.948751638766903e-05,-3.3452263586783235e-07,1.7453419464538737e-05,1.7208281270854147e-05,8.938444218324249e-08,2,2,2
Grocery,42,12345,441,14442,124709,1,16,4,9,0.1666666716337204,1,True,0.9997796416282654,0.7539311647415161,0.7060370445251465,0.0002885640424210578,0.00024828212917782366,0.00026890001026913524,0.0002203936892328784,4.028191324323416e-05,1.9664032151922584e-05,6.817035318817943e-05,8.224407793022692e-06,0.0641898512840271,4.888706715130688e-05,3.553196749435677e-05,8.441903464566362e-05,3.9148239996609715e-05,1.884947242641832e-05,6.550523005576688e-05,7.507517632738845e-06,3,3,3
Grocery,42,12345,6439,13207,111135,11,15,2,360,0.03726780042052269,1,True,0.7850441336631775,0.7446321249008179,0.8344801664352417,0.2358139455318451,0.23613302409648895,0.24150404334068298,0.24201533198356628,-0.00031907856464385986,-0.005690097808837891,-0.006201386451721191,-0.00019221007823944092,-0.01574128307402134,-0.00028290524080331475,-0.004581924366112955,-0.004864829606916268,-0.00031920386408784587,-0.005640076065567579,-0.006125662811546734,-0.00016638288189130875,0,0,0
Grocery,42,12345,9084,8400,59736,12,12,13,37,0.04559607431292534,3,True,0.9870063066482544,0.9490108489990234,0.8602613210678101,0.015943309292197227,0.015092936344444752,0.013852762058377266,0.013078856281936169,0.0008503729477524757,0.0020905472338199615,0.002864453010261059,-7.646717131137848e-05,-0.013171770609915257,0.0008801322308595462,0.0023742328677727235,0.0032543650986322703,0.0008494855478500955,0.0020561855002517613,0.0028198093013437507,-8.586174675810632e-05,3,3,3
Grocery,42,12345,3973,3972,20936,8,8,2,3,0.40824827551841736,1,True,0.5670181512832642,0.9956667423248291,0.9932098388671875,1.452250599861145,1.7190521955490112,0.4923458695411682,0.5673639178276062,-0.2668015956878662,0.9599047303199768,0.8848866820335388,0.191783607006073,0.09082413464784622,-0.23637440695621706,1.5294364768825441,1.293062069926327,-0.26591110435139587,0.9074163900192763,0.8661695150966389,0.22466422942875852,2,2,2
Grocery,42,12345,10929,1970,8418,13,5,16,145,0.02076137065887451,3,True,0.9799060225486755,0.8268191814422607,0.5136749148368835,0.01900077983736992,0.019179020076990128,0.020113440230488777,0.020298605784773827,-0.00017824023962020874,-0.0011126603931188583,-0.0012978259474039078,-6.925314664840698e-06,-0.00267517170868814,-0.00015931683537195797,-0.0010780179733333654,-0.0012373348087053237,-0.00017797789065204764,-0.0011118643731765701,-0.0012957536084621211,-5.911344633503313e-06,0,0,0
Grocery,42,12345,19,15907,135557,1,17,3,29,0.10721125453710556,1,True,0.7444725036621094,0.8842945098876953,0.7890439033508301,0.29709097743034363,0.2594642639160156,0.3372328281402588,0.29507938027381897,0.037626713514328,-0.04014185070991516,0.002011597156524658,0.004526734352111816,0.05674009397625923,0.04000099618334922,-0.03764757750040291,0.002353418682946313,0.03755914720096296,-0.04005492867922772,0.0020189769799224336,0.00451475845818719,1,1,1
Grocery,42,12345,5029,11072,92050,8,13,2,47,0.10314211994409561,1,True,0.9103242754936218,0.9384989738464355,0.783859372138977,0.07447634637355804,0.09711416065692902,0.07029353827238083,0.0939544141292572,-0.02263781428337097,0.004182808101177216,-0.019478067755699158,-0.0010230615735054016,-0.02209698222577572,-0.018744961241366986,0.01297677240294905,-0.005768188838417936,-0.02222429632254437,0.004022603895167762,-0.01663166769448825,0.0015700247328883574,2,2,2
Grocery,42,12345,2986,3216,14748,4,4,8,1,0.3535533845424652,2,False,0.7247182726860046,0.9421205520629883,0.9114161729812622,2.023980140686035,2.0468640327453613,2.2053704261779785,2.2178821563720703,-0.022883892059326172,-0.18139028549194336,-0.19390201568603516,0.010372161865234375,0.02604917623102665,-0.021124181792235595,-0.1362306880302373,-0.1573548698224727,-0.022892466830604367,-0.18635417920632708,-0.198292379964289,0.010954266072642438,0,0,0
Grocery,42,12345,9397,2304,9976,12,5,19,2,0.16222141683101654,3,True,0.9868814945220947,0.9747967720031738,0.6890243887901306,0.013384491205215454,0.01253888476639986,0.014012996107339859,0.013205333612859249,0.0008456064388155937,-0.0006285049021244049,0.000179157592356205,-3.7943944334983826e-05,-0.02295072190463543,0.0010801334177881362,-0.000265636422080449,0.0008144969957076869,0.0008083406493979685,-0.0006248855189774293,-3.2390914403361386e-06,-0.00018669422186087532,1,1,1
Grocery,42,12345,7891,8196,58181,9,9,70,2,0.08451542258262634,3,False,0.9861834049224854,0.8773078918457031,0.5834636688232422,4.605696678161621,4.677250862121582,4.211349964141846,4.2825727462768555,-0.07155418395996094,0.3943467140197754,0.3231239318847656,0.0003314018249511719,0.0004200144321657717,-0.07152926222892084,0.3952463972764358,0.323717135047515,-0.0715555834924721,0.39445779843653717,0.32318753982229786,0.0002853248782327955,2,2,2
Grocery,42,12345,8475,8334,59058,12,12,7,3,0.2182178795337677,2,True,0.9863533973693848,0.969022274017334,0.8258437514305115,0.02292335405945778,0.009978176094591618,0.03286927565932274,0.013740594498813152,0.012945177964866161,-0.00994592159986496,0.009182759560644627,0.006183503195643425,0.19278943538665771,0.019937719828179656,-0.007718321258115682,0.012219398570063975,0.010562633006248847,-0.00970804062641521,0.008494564631303436,0.0076399722514698,1,1,1
Grocery,42,12345,719,848,3566,1,1,10,4,0.15811388194561005,3,True,0.9999499320983887,0.972976803779602,0.9593765735626221,0.0001820160250645131,0.00010871296399272978,8.439661905867979e-05,5.006664650863968e-05,7.33030610717833e-05,9.76194060058333e-05,0.0001319493749178946,-3.8973092159722e-05,-0.1286742389202118,9.730922460851446e-05,0.00014631345778231175,0.00024362268239082628,6.856657997008698e-05,8.074818819702857e-05,7.147150452528478e-05,-7.784326364183076e-05,3,3,2
Grocery,42,12345,11584,11575,97120,13,13,1,41,0.15617376565933228,0,True,0.9025625586509705,0.970863938331604,0.826556384563446,0.16725273430347443,0.13796034455299377,0.12618890404701233,0.10251724720001221,0.029292389750480652,0.0410638302564621,0.06473548710346222,-0.00562073290348053,-0.04160679131746292,0.03587304028053763,0.04752151475607506,0.0833945550366127,0.02813544475652284,0.04036725289803165,0.06122789448751521,-0.0072748031670392815,3,3,3
Grocery,42,12345,8427,2700,11870,12,4,5,49,0.06388765573501587,2,False,0.9578210115432739,0.4994199275970459,0.49163979291915894,4.840621471405029,4.805600166320801,4.8966546058654785,4.861532211303711,0.035021305084228516,-0.05603313446044922,-0.02091073989868164,0.0001010894775390625,0.0009028652566485107,0.035055422431398996,-0.05591570325555104,-0.020860280824152026,0.03502204962431047,-0.05602947148410132,-0.020911559559264905,9.586230052594652e-05,1,1,1
Grocery,42,12345,14002,14782,127639,16,16,47,6,0.059549130499362946,3,True,0.9744576811790466,0.9531737565994263,0.7382107973098755,0.03139129653573036,0.0314282663166523,0.02585330419242382,0.025874214246869087,-3.6969780921936035e-05,0.0055379923433065414,0.005517082288861275,1.605972647666931e-05,0.0014478585217148066,-2.7186404703285214e-05,0.006089502809767078,0.006062316405063793,-3.700943196126349e-05,0.0055028601437300505,0.0054824408752401745,1.6590163471387823e-05,2,2,2
Grocery,42,12345,6035,16767,140109,7,17,5,1,0.4472135901451111,2,True,0.9235300421714783,0.8583543300628662,0.8918724060058594,0.7709783315658569,0.7921761870384216,0.08446413278579712,0.07955195754766464,-0.021197855472564697,0.6865141987800598,0.6914263963699341,0.026110053062438965,0.01866152137517929,-0.0006042245562894455,1.6249229704808132,1.6243187459245236,-0.02036462203846793,0.1396678765959387,0.14178800361974675,0.02248474906227596,3,2,3
Grocery,42,12345,8953,9968,78342,12,12,10,7,0.11952286213636398,3,True,0.9400236010551453,0.9513146877288818,0.734302818775177,0.09755153208971024,0.07891970872879028,0.07806447893381119,0.06185029447078705,0.018631823360919952,0.019487053155899048,0.03570123761892319,-0.002417638897895813,-0.03275040537118912,0.021821695781354435,0.023302543354630157,0.045124239135984595,0.018208860903831243,0.01904575289204815,0.034045567648690656,-0.003209046147188737,3,3,3
Grocery,42,12345,3633,16667,139568,4,18,3,49,0.0824786126613617,1,False,0.677013099193573,0.9703779816627502,0.8265731334686279,2.7378146648406982,2.769989490509033,2.8107054233551025,2.8505637645721436,-0.03217482566833496,-0.0728907585144043,-0.11274909973144531,-0.007683515548706055,-0.03527546674013138,-0.031241298798855465,-0.04853007442881685,-0.07977137322767247,-0.03218617614460558,-0.07477029083273315,-0.11549368432201124,-0.008537217344672499,0,0,0
Grocery,42,12345,8621,17023,141722,12,19,8,70,0.04225771129131317,2,True,0.9018676280975342,0.8317467570304871,0.8955403566360474,0.10160529613494873,0.10015492141246796,0.10479456186294556,0.10328753292560577,0.001450374722480774,-0.003189265727996826,-0.0016822367906570435,5.665421485900879e-05,0.008961598388850689,0.0014652786789564375,-0.0029945304453930883,-0.001529251766436649,0.001450330470977188,-0.003183875365412282,-0.0016796381687569145,5.3906725678179706e-05,1,1,1
Grocery,42,12345,11946,11952,100919,13,13,4,1,0.5,1,True,0.5950326323509216,0.7821521759033203,0.856719434261322,2.210742712020874,2.0530409812927246,0.5878011584281921,0.5191389918327332,0.15770173072814941,1.622941493988037,1.691603660583496,-0.08903956413269043,-0.025643212720751762,0.20645609358452885,2.265871116206022,2.47232720979055,0.15292572319199355,1.6326411673300067,1.6971410984067168,-0.08842579211528356,3,3,3
Grocery,42,12345,6156,2644,11598,8,4,3,4,0.28867512941360474,1,True,0.9930024743080139,0.37280339002609253,0.6085246205329895,0.0043542818166315556,0.004816833417862654,0.006870456039905548,0.00702210608869791,-0.0004625516012310982,-0.0025161742232739925,-0.0026678242720663548,0.00031090155243873596,0.05506034940481186,-0.00035446897396916425,-0.0010361068361520165,-0.0013905758101211809,-0.0004530294902906435,-0.002266974390593705,-0.0024000328313522664,0.00031997104953208227,0,0,0
Grocery,42,12345,14116,14110,121141,15,15,3,7,0.2182178795337677,1,True,0.9439255595207214,0.9997901320457458,0.864521861076355,0.3230939209461212,0.27141043543815613,0.07185185700654984,0.05770796164870262,0.05168348550796509,0.251242071390152,0.2653859555721283,-0.03753960132598877,-0.06605461984872818,0.056714704510918965,0.49977309649695356,0.5564878010078724,0.05140707563276882,0.1285325471000654,0.11145122357618797,-0.06848839915664624,3,3,2
Grocery,42,12345,5859,440,1895,8,1,10,6,0.12909944355487823,3,True,0.9437220096588135,0.9591105580329895,0.8393903374671936,0.09335292875766754,0.12505510449409485,0.04327039420604706,0.05792364850640297,-0.03170217573642731,0.05008253455162048,0.03542928025126457,0.017048925161361694,0.14545126259326935,-0.027137961477703698,0.07490590203094513,0.047767940553241434,-0.031290256401335176,0.04283007345568768,0.033156390002076735,0.021616572947724233,2,2,2
Grocery,42,12345,14916,7070,49129,16,9,5,19,0.10259783267974854,2,False,0.8202638626098633,0.6052507162094116,0.8724578619003296,1.746039628982544,2.064523696899414,2.1473255157470703,2.4878830909729004,-0.3184840679168701,-0.40128588676452637,-0.7418434619903564,-0.02207350730895996,-0.015102151781320572,-0.30551183344289856,-0.38394631974929216,-0.6894581531921906,-0.31948339446731105,-0.40294402966576237,-0.7518732305522906,-0.02944580641921718,0,0,0
Grocery,42,12345,4985,5597,37019,7,7,65,22,0.026444293558597565,3,True,0.9987917542457581,0.9177286624908447,0.8661407232284546,0.0013260389678180218,0.0013003236381337047,0.0012332937913015485,0.001209004782140255,2.5715329684317112e-05,9.27451765164733e-05,0.0001170341856777668,-1.4263205230236053e-06,-0.006056441925466061,2.6190006674430653e-05,9.635303050211362e-05,0.00012254303717654428,2.5790797093357402e-05,9.265037350125271e-05,0.00011683124610533124,-1.609924489278877e-06,3,3,3
Grocery,42,12345,1243,1740,7409,1,1,1,10,0.3162277638912201,0,True,0.9876032471656799,0.9347242116928101,0.7623709440231323,0.01899540051817894,0.015527543611824512,0.016787918284535408,0.012474252842366695,0.0034678569063544273,0.002207482233643532,0.006521147675812244,0.0008458085358142853,0.06934847682714462,0.005565503878876456,0.0030519712902954744,0.008617475169171931,0.0031767346200210636,0.0019900211405585754,0.00591747479285544,0.0007507190322758009,3,3,3
Grocery,42,12345,15236,1782,7587,17,0,6,4,0.20412413775920868,2,True,0.900274932384491,0.804094135761261,0.8174464702606201,0.10294193774461746,0.0928221344947815,0.11783813685178757,0.1050550639629364,0.010119803249835968,-0.014896199107170105,-0.002113126218318939,0.0026632696390151978,0.09817007929086685,0.01235830320651467,0.0033502975327998757,0.01570860073931455,0.009926732168657608,-0.014753331529977706,-0.0021360816725224697,0.0026905176887976282,1,3,1
Grocery,42,12345,15476,16032,136214,17,17,2,8,0.25,1,True,0.99744713306427,0.9313936233520508,0.9614054560661316,0.018587220460176468,0.014382153749465942,0.0034702338743954897,0.002556153805926442,0.0042050667107105255,0.015116986818611622,0.016031065955758095,-0.0032909875735640526,-0.09308900684118271,0.005803557307380376,0.03305994166072659,0.038863498968106966,0.0038792253792934864,0.0016987523542085145,-0.003974209427793453,-0.009552187161295453,3,3,1
Grocery,42,12345,11273,11044,91773,13,13,11,9,0.10050378739833832,3,True,0.9937386512756348,0.9543702006340027,0.8678271770477295,0.009350908920168877,0.011293887160718441,0.005197465419769287,0.0062810396775603294,-0.0019429782405495644,0.0041534435003995895,0.003069869242608547,0.000859403982758522,0.09375689923763275,-0.0017539050117899963,0.005620191982946073,0.003866286971156076,-0.0019305593382567643,0.0037955676012569697,0.002912001610421667,0.0010469933474214622,2,2,2
Grocery,42,12345,17,3707,17837,1,5,8,5,0.15811388194561005,2,True,0.9999513626098633,0.9097553491592407,0.7981284856796265,9.905801562126726e-05,9.250213042832911e-05,5.352353764465079e-05,4.8636207793606445e-05,6.555885192938149e-06,4.553447797661647e-05,5.0421807827660814e-05,-1.668555341893807e-06,-0.01627506874501705,1.1193002279667225e-05,6.373481474787024e-05,7.492781702753749e-05,5.867715643183737e-06,4.048195086453017e-05,4.214935112747775e-05,-4.200315380236155e-06,3,3,3
Grocery,42,12345,2737,3132,14283,3,3,4,64,0.0625,1,True,0.9432622194290161,0.984011709690094,0.5886965990066528,0.06441518664360046,0.05569760128855705,0.0679810643196106,0.058410994708538055,0.008717585355043411,-0.003565877676010132,0.0060041919350624084,0.000852484256029129,0.04661526158452034,0.009438724778655445,-0.0029709756261162203,0.00646774915253923,0.008674273383392831,-0.0035149613545243296,0.005984695704796267,0.0008253836759277659,1,1,1
Grocery,42,12345,3502,4404,25455,6,7,6,89,0.043274231255054474,2,False,0.3685145080089569,0.791560173034668,0.8251065015792847,4.490420341491699,4.443856716156006,4.536232948303223,4.489691257476807,0.04656362533569336,-0.04581260681152344,0.0007290840148925781,-2.193450927734375e-05,-0.00023558812972623855,0.048278257177440706,-0.04450660813242244,0.0037716490450182653,0.04658651590533845,-0.04583286665278967,0.0006903956050199611,-6.325364752882146e-05,1,1,1
Grocery,42,12345,14502,10145,80314,16,12,4,6,0.20412413775920868,1,False,0.8926311135292053,0.8529906272888184,0.7886350154876709,4.569723129272461,4.627037048339844,4.76248836517334,4.836416721343994,-0.05731391906738281,-0.1927652359008789,-0.2666935920715332,-0.016614437103271484,-0.03215037286281586,-0.052444573632553254,-0.16006273465331478,-0.21250730828586795,-0.05776683711353381,-0.20087279102224664,-0.2845943354154107,-0.02595470727963023,0,0,0
Grocery,42,12345,2519,9022,67148,5,12,19,13,0.06362847983837128,3,False,0.8448300361633301,0.8716645240783691,0.7549661993980408,2.0492985248565674,2.0036518573760986,2.073681592941284,2.0282485485076904,0.04564666748046875,-0.024383068084716797,0.021049976348876953,-0.000213623046875,-0.0023454513866454363,0.04588182940675738,-0.02328548322404019,0.02259634618271717,0.04564402637182121,-0.024274005350555274,0.02122110703285434,-0.00014891398841159614,1,1,1
Grocery,42,12345,6088,5239,34000,8,8,9,17,0.08084520697593689,2,True,0.9925850033760071,0.9716961979866028,0.9536975026130676,0.009484943002462387,0.010216913186013699,0.007035600487142801,0.007442604284733534,-0.0007319701835513115,0.002449342515319586,0.0020423387177288532,0.0003249663859605789,0.06221046298742294,-0.000683641065783987,0.0032020826158024413,0.0025184415500184546,-0.0007296817167308806,0.002285768373344001,0.001962920710753117,0.0004068340541399963,2,2,2
Grocery,42,12345,13654,13230,111783,15,15,22,60,0.02752409502863884,3,True,0.9957802295684814,0.8184846639633179,0.9301413297653198,0.005164852365851402,0.005101638846099377,0.00428223330527544,0.004228698089718819,6.32135197520256e-05,0.0008826190605759621,0.0009361542761325836,-9.678304195404053e-06,-0.005142571870237589,6.343447319482763e-05,0.000974629524958925,0.0010380639981537525,6.296630280204366e-05,0.0008759124718148015,0.0009283448989694753,-1.0533875647369896e-05,3,3,3
Grocery,42,12345,5383,5176,33652,7,7,2,11,0.21320071816444397,1,True,0.818301796913147,0.7593582272529602,0.8822895288467407,0.5524563193321228,0.543752133846283,0.20347876846790314,0.20052407681941986,0.008704185485839844,0.34897756576538086,0.35193222761154175,-0.005749523639678955,-0.008102325722575188,0.010955841597050866,0.5146653027717581,0.5256211443688091,0.008665022092119862,0.3210300710417402,0.32024191574180516,-0.009453177392054868,3,3,2
Grocery,42,12345,2354,2704,11911,5,5,4,4,0.25,1,True,0.9861817359924316,0.8796807527542114,0.7907583713531494,0.042308468371629715,0.023897234350442886,0.026910096406936646,0.013914600946009159,0.01841123402118683,0.01539837196469307,0.02839386835694313,-0.005415737628936768,-0.08706485480070114,0.025798534947433595,0.02284133166179393,0.04863986660922753,0.01632851341079594,0.013486528904340642,0.019341560340318534,-0.010473481974818045,3,3,3
Grocery,42,12345,6339,8652,62780,11,12,20,26,0.043852899223566055,3,False,0.6830564737319946,0.9842379689216614,0.6604032516479492,10.152457237243652,10.322192192077637,10.480753898620605,10.657797813415527,-0.16973495483398438,-0.3282966613769531,-0.505340576171875,-0.0073089599609375,-0.007284395396709442,-0.16817826781469436,-0.31786500731943107,-0.48604327513412543,-0.16974989957280598,-0.3285718795019603,-0.5060348233589657,-0.0077130442841993885,0,0,0
Grocery,42,12345,13221,10768,88190,16,13,1,378,0.05143444985151291,0,True,0.9666590094566345,0.7015627026557922,0.6379283666610718,0.04946790635585785,0.045936040580272675,0.03600442409515381,0.03390946239233017,0.0035318657755851746,0.01346348226070404,0.01555844396352768,-0.0014369040727615356,-0.04413936287164688,0.004126017972982621,0.016317728631428705,0.020443746604411325,0.0035103723814855514,0.013065098416439125,0.014576293215605343,-0.001999177582319333,3,3,3
Grocery,42,12345,3268,979,4101,5,0,4,9,0.1666666716337204,1,False,0.5531594157218933,0.9351933002471924,0.7733925580978394,2.3160452842712402,2.4706761837005615,2.3334531784057617,2.460775375366211,-0.1546308994293213,-0.017407894134521484,-0.1447300910949707,0.02730870246887207,0.08621017634868622,-0.1280583030299918,0.055997178155282434,-0.0720611248747094,-0.15711569342859266,-0.01635533245214907,-0.16172921015616798,0.011741815724573751,0,2,0
Grocery,42,12345,7593,11931,100695,9,13,10,6,0.12909944355487823,3,True,0.5081000924110413,0.870457649230957,0.7758506536483765,0.5154208540916443,0.565208911895752,0.6260726451873779,0.6770767569541931,-0.049788057804107666,-0.11065179109573364,-0.16165590286254883,-0.0012160539627075195,-0.003775442484766245,-0.04689225890905545,-0.09023613979974406,-0.1371283987087995,-0.04971260133488994,-0.10746176022127943,-0.15885043594163892,-0.0016760743854695448,0,0,0
Grocery,42,12345,4487,5189,33730,7,7,13,19,0.06362847983837128,3,True,0.9582926034927368,0.6805009841918945,0.8294374942779541,0.06366860121488571,0.05723322182893753,0.047448739409446716,0.04260210320353508,0.006435379385948181,0.016219861805438995,0.02106649801135063,-0.0015887431800365448,-0.03633759170770645,0.006836594791974495,0.018673183292423293,0.025509778084397795,0.0064199194572173105,0.015989440476319235,0.020493640210217896,-0.0019157197233186495,3,3,3
Grocery,42,12345,2944,2626,11514,3,3,5,46,0.06593804806470871,2,True,0.8595273494720459,0.9010773301124573,0.8351134657859802,0.16483992338180542,0.1332961916923523,0.18691964447498322,0.15137262642383575,0.031543731689453125,-0.022079721093177795,0.013467296957969666,0.004003286361694336,0.05966971442103386,0.03481422804735318,-0.020071016834402912,0.014743211212950262,0.03135520910326119,-0.021994431210394735,0.013360902606757388,0.00400012471389093,1,1,1
Grocery,42,12345,5580,5581,36933,7,7,19,5,0.10259783267974854,3,True,0.9912672638893127,0.9995213747024536,0.9999999403953552,0.012566667050123215,0.012805964797735214,0.008653522469103336,0.008771106600761414,-0.0002392977476119995,0.003913144581019878,0.003795560449361801,0.00012171361595392227,0.015313716605305672,-0.000194487379334316,0.0047226463025528435,0.004528158923218525,-0.00023936580988282108,0.003802164199622153,0.003702206506375459,0.00013940811663612713,2,2,2
Grocery,42,12345,7810,3788,18560,11,4,4,371,0.025958707556128502,1,True,0.9216309189796448,0.8901814818382263,0.8339430689811707,0.07860063016414642,0.07812456786632538,0.08226581662893295,0.08161045610904694,0.0004760622978210449,-0.0036651864647865295,-0.0030098259449005127,0.00017929822206497192,0.025072870776057243,0.0004937351383468094,-0.0030648094549337625,-0.0025710743165869555,0.0004758918018525594,-0.0036523269259950263,-0.003002144076916404,0.00017429104722606337,1,1,1
Grocery,42,12345,16010,7247,50629,19,9,14,6,0.10910893976688385,3,False,0.9950366616249084,0.9475411176681519,0.7609232664108276,5.987662315368652,6.357521057128906,5.71034574508667,6.079995155334473,-0.3698587417602539,0.2773165702819824,-0.09233283996582031,0.00020933151245117188,0.000283068569842726,-0.3696272527466555,0.2774358749392666,-0.09219137780738884,-0.369883796526907,0.2773256341080729,-0.09234445827166086,0.0002137041471731993,2,2,2
Grocery,42,12345,7823,7126,49687,10,10,2,162,0.0555555559694767,1,False,0.7563945651054382,0.7613667249679565,0.878577470779419,1.949962854385376,1.8102526664733887,1.7707552909851074,1.6345325708389282,0.1397101879119873,0.17920756340026855,0.31543028354644775,-0.0034874677658081055,-0.005497719626873732,0.14198643860368848,0.18389293932882683,0.3258793779325154,0.1397778274160483,0.1791360188644229,0.3161134219692292,-0.002800424311242,3,3,3
Grocery,42,12345,541,3572,17171,2,3,5,4,0.22360679507255554,2,False,0.5153042078018188,0.880954384803772,0.7826920747756958,5.453810691833496,5.863810062408447,6.0098748207092285,6.504647254943848,-0.40999937057495117,-0.5560641288757324,-1.0508365631103516,-0.08477306365966797,-0.042031366378068924,-0.32487339537107224,-0.5231407762844793,-0.8480141716555514,-0.4047894280051799,-0.556906775430823,-1.0513841917538786,-0.08968798831787572,0,0,0
Grocery,42,12345,4500,5083,32755,8,8,1,76,0.11470786482095718,0,True,0.3139631748199463,0.9761170148849487,0.7514491677284241,1.6388673782348633,1.8377571105957031,1.0018844604492188,1.1584796905517578,-0.19888973236083984,0.6369829177856445,0.48038768768310547,0.04229450225830078,0.03213232383131981,-0.1890500439741603,0.7375770124315305,0.5485269684573701,-0.19911944305169402,0.6436564817519208,0.4799142331540145,0.03537719445378773,2,2,2
Grocery,42,12345,6047,4321,23706,8,8,15,5,0.1154700443148613,3,True,0.733001708984375,0.7836107015609741,0.7690202593803406,0.6035858988761902,0.5860490798950195,0.32764020562171936,0.3106072247028351,0.017536818981170654,0.2759456932544708,0.2929786741733551,-0.000503838062286377,-0.0008591157966293395,0.021527895836251556,0.3607210372980217,0.38224893313427327,0.017568027978667883,0.26638663499623677,0.28444986725995364,0.0004952042850489558,3,3,3
Grocery,42,12345,695,1506,6235,0,0,1,3,0.5773502588272095,0,True,0.9813942909240723,0.9411062598228455,0.9600969552993774,0.5913846492767334,0.4439687430858612,0.03182753920555115,0.01878097839653492,0.1474159061908722,0.5595570802688599,0.5726036429405212,-0.13436934351921082,-0.10501079261302948,0.35108015828950284,1.644484641212836,1.995564799502339,0.12915660968631856,-0.20553748906883174,-0.8147198680190781,-0.738338988636565,3,3,1
Grocery,42,12345,10936,10935,90461,13,13,2,19,0.16222141683101654,1,True,0.9484466910362244,0.9962056875228882,0.9413328766822815,0.170180544257164,0.22123514115810394,0.041215553879737854,0.05292968079447746,-0.05105459690093994,0.12896499037742615,0.11725085973739624,0.039340466260910034,0.1323389708995819,-0.043003946583228425,0.23671225592986195,0.19370830934663358,-0.05057624218485547,0.08176165392918283,0.0906591259791978,0.05947371423487044,2,2,3
Grocery,42,12345,11138,11231,93815,13,13,19,27,0.044151078909635544,3,True,0.9960113763809204,0.9763022661209106,0.9570565223693848,0.004453740082681179,0.004702105652540922,0.0037847571074962616,0.003996600396931171,-0.0002483655698597431,0.0006689829751849174,0.00045713968575000763,3.65222804248333e-05,0.026571353897452354,-0.00023528088793937669,0.0007256147466180072,0.0004903338586786303,-0.00024823564107098484,0.0006658400665500685,0.0004548921743656195,3.728774888653579e-05,2,2,2
